{"stats":{"minecraft:mined":{"minecraft:white_bed":3,"minecraft:dark_oak_leaves":10,"minecraft:cave_vines_plant":1,"minecraft:crafting_table":3,"minecraft:glow_lichen":1,"immersive_weathering:birch_leaf_pile":5,"minecraft:campfire":1,"minecraft:tall_grass":1,"minecraft:cobblestone":11,"biomesoplenty:sprout":3,"minecraft:diorite":2,"minecraft:sandstone":1,"minecraft:wall_torch":1,"minecraft:big_dripleaf":2,"minecraft:birch_planks":14,"minecraft:furnace":2,"minecraft:birch_log":21,"minecraft:iron_ore":4,"minecraft:birch_leaves":5,"minecraft:moss_carpet":1,"biomesoplenty:magic_log":3,"minecraft:grass":37,"biomesoplenty:clover":1,"minecraft:oak_log":4,"minecraft:coal_ore":21,"minecraft:sand":12,"minecraft:dirt":4,"minecraft:green_carpet":2,"minecraft:azalea":1,"minecraft:stone":9,"minecraft:oak_leaves":1,"minecraft:fern":3},"minecraft:broken":{"minecraft:stone_axe":1},"minecraft:killed_by":{"arphex:spider_moth":1,"arphex:hornet_harbinger":2,"old_goatman:old_goatman":1,"demonic_watcher:demonic_watcher":1},"minecraft:used":{"minecraft:wheat_seeds":3,"minecraft:cooked_mutton":9,"minecraft:diorite":1,"minecraft:birch_planks":131,"minecraft:stone_pickaxe":53,"minecraft:oak_planks":12,"minecraft:shield":10,"minecraft:wooden_pickaxe":1,"minecraft:sandstone":2,"minecraft:rotten_flesh":6,"minecraft:white_wool":1,"minecraft:torch":1,"minecraft:sand":15,"minecraft:dirt":6,"minecraft:crafting_table":2,"minecraft:carrot":2,"minecraft:white_bed":3,"minecraft:iron_axe":68,"minecraft:birch_sapling":2,"minecraft:stone_axe":106,"minecraft:cobblestone":15,"minecraft:bow":1,"minecraft:hay_block":1,"minecraft:furnace":2,"minecraft:cooked_porkchop":6,"minecraft:cooked_beef":5,"minecraft:bone_meal":2},"minecraft:crafted":{"minecraft:cooked_beef":5,"minecraft:oak_planks":16,"minecraft:cooked_porkchop":20,"minecraft:crafting_table":2,"minecraft:bone_meal":9,"minecraft:birch_planks":132,"minecraft:stone_axe":1,"minecraft:cooked_mutton":6,"minecraft:air":0,"minecraft:iron_axe":1,"minecraft:stick":8,"minecraft:iron_ingot":20,"minecraft:stone_pickaxe":1,"biomesoplenty:magic_planks":44},"minecraft:dropped":{"arphex:burning_glands":4,"minecraft:stone_axe":1,"man:cassette_1safetyinstructions":1,"minecraft:stick":1,"minecraft:birch_door":2,"minecraft:stone_pickaxe":1},"minecraft:killed":{"minecraft:pig":9,"minecraft:spider":4,"the_rake:the_rake":1,"minecraft:creeper":1,"arphex:centipede_evictor_larvae":1,"minecraft:sheep":4,"minecraft:skeleton":3,"minecraft:zombie":5,"arphex:hornet_harbinger":1,"arphex:blood_worm":7,"old_goatman:old_goatman":1,"arphex:ant_arsonist":2,"minecraft:cow":1},"minecraft:custom":{"minecraft:interact_with_furnace":34,"minecraft:mob_kills":40,"minecraft:interact_with_crafting_table":10,"minecraft:damage_dealt_resisted":84,"minecraft:leave_game":2,"minecraft:time_since_death":1811,"minecraft:sleep_in_bed":6,"minecraft:climb_one_cm":5763,"minecraft:time_since_rest":1886,"minecraft:sprint_one_cm":275119,"minecraft:damage_taken":3137,"minecraft:walk_one_cm":518891,"minecraft:damage_blocked_by_shield":300,"minecraft:drop":10,"minecraft:damage_dealt":5199,"minecraft:swim_one_cm":83948,"minecraft:talked_to_villager":70,"minecraft:fly_one_cm":494997,"minecraft:open_chest":1,"minecraft:crouch_one_cm":70267,"minecraft:play_time":167955,"minecraft:deaths":7,"minecraft:sneak_time":18807,"minecraft:walk_under_water_one_cm":18947,"minecraft:jump":3374,"minecraft:walk_on_water_one_cm":19156,"minecraft:total_world_time":167955,"minecraft:fall_one_cm":118930,"minecraft:horse_one_cm":8502},"minecraft:picked_up":{"minecraft:iron_chestplate":1,"minecraft:birch_log":33,"minecraft:birch_door":2,"minecraft:crafting_table":5,"minecraft:cooked_beef":3,"minecraft:leather":2,"biomesoplenty:glowshroom":4,"minecraft:wooden_pickaxe":4,"minecraft:birch_planks":127,"minecraft:golden_shovel":1,"minecraft:oak_log":4,"minecraft:shield":2,"minecraft:gunpowder":4,"minecraft:iron_axe":1,"minecraft:moss_carpet":4,"minecraft:dirt":9,"minecraft:string":14,"minecraft:raw_copper":6,"man:cassette_1safetyinstructions":6,"minecraft:flint_and_steel":2,"minecraft:cooked_mutton":5,"minecraft:bone":7,"minecraft:bow":4,"minecraft:raw_gold":1,"minecraft:wheat_seeds":22,"minecraft:iron_ingot":37,"minecraft:beef":15,"minecraft:stone_pickaxe":4,"arphex:burning_glands":4,"biomesoplenty:magic_log":17,"minecraft:birch_sapling":7,"minecraft:oak_planks":4,"minecraft:egg":2,"minecraft:furnace":2,"biomesoplenty:magic_sapling":3,"minecraft:raw_iron":20,"minecraft:dark_oak_sapling":2,"minecraft:stick":31,"minecraft:sandstone":2,"minecraft:big_dripleaf":6,"minecraft:torch":1,"minecraft:porkchop":36,"minecraft:sand":31,"minecraft:diorite":1,"minecraft:white_bed":5,"minecraft:carrot":2,"biomesoplenty:glowing_moss_block":2,"minecraft:green_carpet":4,"arphex:fly_appendage":1,"minecraft:arrow":8,"minecraft:rotten_flesh":8,"minecraft:stone_axe":3,"minecraft:hay_block":1,"minecraft:bone_meal":16,"minecraft:oak_sapling":2,"minecraft:glow_berries":1,"minecraft:mutton":16,"minecraft:coal":39,"minecraft:white_wool":7,"minecraft:cobblestone":39}},"DataVersion":3120}