{"stats":{"minecraft:mined":{"minecraft:white_bed":3,"minecraft:dark_oak_leaves":10,"immersive_weathering:birch_leaf_pile":5,"minecraft:glow_lichen":1,"minecraft:cave_vines_plant":1,"minecraft:moss_block":2,"minecraft:sandstone":1,"minecraft:furnace":2,"minecraft:iron_ore":4,"minecraft:moss_carpet":1,"biomesoplenty:magic_log":3,"minecraft:green_carpet":2,"minecraft:azalea":2,"minecraft:stone":9,"minecraft:flowering_azalea":1,"minecraft:crafting_table":3,"minecraft:campfire":1,"minecraft:tall_grass":3,"minecraft:cobblestone":11,"biomesoplenty:sprout":3,"minecraft:diorite":2,"minecraft:wall_torch":1,"minecraft:big_dripleaf":2,"minecraft:birch_planks":14,"minecraft:birch_log":21,"minecraft:birch_leaves":5,"minecraft:grass":42,"biomesoplenty:clover":1,"minecraft:coal_ore":21,"minecraft:oak_log":4,"minecraft:sand":12,"minecraft:dirt":4,"minecraft:small_dripleaf":1,"minecraft:oak_leaves":1,"minecraft:fern":3},"minecraft:broken":{"minecraft:stone_axe":1},"minecraft:killed_by":{"arphex:hornet_harbinger":2,"old_goatman:old_goatman":1,"arphex:spider_moth":1,"demonic_watcher:demonic_watcher":1},"minecraft:used":{"minecraft:flint_and_steel":18,"minecraft:shield":15,"minecraft:rotten_flesh":6,"minecraft:torch":1,"minecraft:dirt":6,"minecraft:carrot":2,"minecraft:iron_axe":105,"minecraft:birch_sapling":2,"minecraft:bow":1,"minecraft:hay_block":1,"minecraft:written_book":2,"minecraft:furnace":2,"minecraft:cooked_beef":5,"minecraft:wheat_seeds":3,"minecraft:cooked_mutton":9,"minecraft:diorite":1,"minecraft:birch_planks":131,"minecraft:stone_pickaxe":53,"minecraft:oak_planks":12,"minecraft:wooden_pickaxe":1,"minecraft:sandstone":2,"minecraft:white_wool":1,"minecraft:sand":15,"minecraft:crafting_table":2,"minecraft:white_bed":3,"minecraft:stone_axe":106,"minecraft:cobblestone":15,"minecraft:cooked_porkchop":6,"minecraft:bone_meal":2},"minecraft:crafted":{"minecraft:oak_planks":16,"minecraft:bone_meal":9,"minecraft:cooked_mutton":6,"minecraft:iron_axe":1,"minecraft:stone_pickaxe":1,"biomesoplenty:magic_planks":44,"minecraft:cooked_beef":5,"minecraft:cooked_porkchop":20,"minecraft:crafting_table":2,"minecraft:birch_planks":132,"minecraft:stone_axe":1,"minecraft:air":0,"minecraft:stick":8,"minecraft:iron_ingot":20},"minecraft:dropped":{"arphex:burning_glands":4,"minecraft:iron_helmet":1,"man:cassette_1safetyinstructions":1,"minecraft:stick":1,"minecraft:iron_pickaxe":1,"minecraft:stone_axe":1,"minecraft:birch_door":2,"minecraft:stone_pickaxe":1},"minecraft:killed":{"minecraft:spider":5,"the_rake:the_rake":1,"minecraft:skeleton":7,"arphex:hornet_harbinger":1,"arphex:blood_worm":7,"arphex:ant_arsonist":2,"arphex:spider_moth_larvae":3,"minecraft:pig":9,"minecraft:creeper":1,"arphex:centipede_evictor_larvae":1,"minecraft:sheep":4,"minecraft:zombie":6,"old_goatman:old_goatman":1,"minecraft:cow":1},"minecraft:custom":{"minecraft:mob_kills":47,"minecraft:interact_with_crafting_table":10,"minecraft:damage_dealt_resisted":84,"minecraft:leave_game":2,"minecraft:time_since_death":13811,"minecraft:climb_one_cm":5971,"minecraft:sprint_one_cm":278159,"minecraft:walk_one_cm":534120,"minecraft:damage_blocked_by_shield":410,"minecraft:drop":12,"minecraft:talked_to_villager":70,"minecraft:play_time":179955,"minecraft:deaths":7,"minecraft:sneak_time":19222,"minecraft:walk_under_water_one_cm":18947,"minecraft:jump":3501,"minecraft:walk_on_water_one_cm":20078,"minecraft:total_world_time":179955,"minecraft:interact_with_furnace":34,"minecraft:sleep_in_bed":6,"minecraft:time_since_rest":13886,"minecraft:damage_taken":3230,"minecraft:damage_dealt":6891,"minecraft:swim_one_cm":83948,"minecraft:fly_one_cm":557162,"minecraft:open_chest":1,"minecraft:crouch_one_cm":70772,"minecraft:fall_one_cm":121289,"minecraft:horse_one_cm":8502},"minecraft:picked_up":{"minecraft:crafting_table":6,"minecraft:birch_door":2,"minecraft:iron_chestplate":2,"minecraft:clay_ball":40,"minecraft:wooden_pickaxe":5,"minecraft:golden_shovel":2,"minecraft:shield":4,"minecraft:string":20,"minecraft:moss_carpet":6,"minecraft:raw_copper":8,"minecraft:iron_axe":2,"minecraft:flint_and_steel":4,"minecraft:beef":21,"minecraft:written_book":1,"minecraft:iron_pickaxe":1,"minecraft:birch_sapling":7,"minecraft:furnace":2,"minecraft:egg":3,"minecraft:dark_oak_sapling":2,"minecraft:stick":38,"minecraft:raw_iron":20,"minecraft:sandstone":2,"minecraft:big_dripleaf":17,"minecraft:torch":8,"minecraft:porkchop":36,"minecraft:diorite":1,"minecraft:carrot":2,"minecraft:arrow":14,"minecraft:rotten_flesh":8,"minecraft:hay_block":1,"minecraft:mutton":16,"minecraft:glow_berries":1,"minecraft:obsidian":2,"minecraft:white_wool":9,"minecraft:cobblestone":45,"minecraft:birch_log":33,"minecraft:cooked_beef":3,"minecraft:glow_ink_sac":2,"minecraft:leather":2,"biomesoplenty:glowshroom":6,"minecraft:birch_planks":127,"minecraft:oak_log":4,"minecraft:gunpowder":6,"minecraft:dirt":10,"man:cassette_1safetyinstructions":7,"minecraft:cooked_mutton":5,"minecraft:bone":14,"minecraft:bow":5,"minecraft:wheat_seeds":32,"minecraft:raw_gold":2,"arphex:burning_glands":4,"minecraft:stone_pickaxe":5,"minecraft:iron_ingot":54,"biomesoplenty:magic_log":17,"minecraft:oak_planks":4,"biomesoplenty:magic_sapling":4,"minecraft:sand":33,"minecraft:white_bed":7,"minecraft:fermented_spider_eye":2,"biomesoplenty:glowing_moss_block":3,"minecraft:green_carpet":6,"minecraft:spider_eye":2,"arphex:fly_appendage":2,"minecraft:stone_axe":3,"biomesoplenty:magic_planks":47,"minecraft:iron_helmet":1,"minecraft:bone_meal":23,"minecraft:oak_sapling":2,"minecraft:coal":39}},"DataVersion":3120}