{"stats":{"minecraft:crafted":{"minecraft:oak_planks":16,"minecraft:furnace":1,"minecraft:bone_meal":9,"minecraft:cooked_mutton":6,"minecraft:iron_axe":2,"minecraft:stone_pickaxe":1,"biomesoplenty:magic_planks":44,"minecraft:wheat":153,"minecraft:cooked_beef":5,"minecraft:cooked_porkchop":20,"minecraft:crafting_table":3,"minecraft:iron_helmet":1,"minecraft:birch_planks":132,"minecraft:stone_axe":1,"minecraft:bread":51,"minecraft:air":0,"minecraft:jungle_planks":4,"minecraft:gold_nugget":1,"minecraft:stick":8,"minecraft:iron_ingot":21,"minecraft:gold_ingot":1},"minecraft:picked_up":{"minecraft:crafting_table":8,"minecraft:iron_chestplate":4,"minecraft:birch_door":2,"minecraft:clay_ball":40,"minecraft:wooden_pickaxe":6,"minecraft:golden_shovel":4,"minecraft:shield":6,"minecraft:iron_axe":5,"minecraft:moss_carpet":14,"minecraft:string":32,"minecraft:raw_copper":8,"minecraft:flint_and_steel":4,"improvableskills:scroll_normal":1,"minecraft:beef":40,"minecraft:written_book":3,"minecraft:poppy":1,"minecraft:iron_pickaxe":4,"minecraft:sugar_cane":34,"minecraft:birch_sapling":7,"minecraft:furnace":2,"minecraft:iron_boots":1,"minecraft:egg":3,"minecraft:dark_oak_sapling":2,"minecraft:stick":52,"minecraft:raw_iron":22,"minecraft:sandstone":2,"minecraft:copper_ingot":1,"minecraft:big_dripleaf":39,"minecraft:torch":8,"minecraft:porkchop":43,"minecraft:diorite":1,"minecraft:carrot":2,"minecraft:arrow":20,"minecraft:rotten_flesh":13,"minecraft:hay_block":38,"minecraft:obsidian":2,"minecraft:glow_berries":4,"minecraft:mutton":22,"minecraft:cobblestone":71,"minecraft:white_wool":16,"minecraft:birch_log":33,"minecraft:feather":1,"minecraft:cooked_beef":3,"minecraft:glow_ink_sac":2,"minecraft:jungle_log":2,"minecraft:leather":8,"biomesoplenty:glowshroom":10,"minecraft:birch_planks":127,"minecraft:oak_log":4,"minecraft:gunpowder":13,"minecraft:dirt":80,"man:cassette_1safetyinstructions":9,"minecraft:cooked_mutton":5,"minecraft:bone":32,"minecraft:bow":7,"minecraft:wheat_seeds":33,"minecraft:raw_gold":4,"minecraft:stone_pickaxe":5,"minecraft:iron_ingot":82,"biomesoplenty:magic_log":17,"biomesoplenty:mahogany_planks":2,"minecraft:flowering_azalea":1,"minecraft:oak_planks":5,"biomesoplenty:magic_sapling":4,"minecraft:gravel":9,"minecraft:jungle_planks":5,"minecraft:sand":33,"minecraft:white_bed":11,"minecraft:fermented_spider_eye":6,"minecraft:green_carpet":6,"biomesoplenty:glowing_moss_block":3,"minecraft:spider_eye":2,"minecraft:stone_axe":3,"biomesoplenty:magic_planks":47,"minecraft:iron_helmet":1,"minecraft:bone_meal":37,"minecraft:oak_sapling":2,"minecraft:coal":46,"minecraft:ender_pearl":1},"minecraft:killed":{"minecraft:spider":5,"the_rake:the_rake":1,"minecraft:skeleton":13,"minecraft:chicken":1,"minecraft:drowned":2,"minecraft:pig":12,"minecraft:iron_golem":3,"minecraft:creeper":8,"minecraft:sheep":8,"minecraft:zombie":18,"old_goatman:old_goatman":1,"minecraft:enderman":2,"minecraft:cow":7},"minecraft:killed_by":{"old_goatman:old_goatman":2,"minecraft:drowned":3,"demonic_watcher:demonic_watcher":1},"minecraft:custom":{"minecraft:mob_kills":91,"minecraft:interact_with_crafting_table":20,"minecraft:bell_ring":1,"minecraft:damage_dealt_resisted":84,"minecraft:leave_game":6,"minecraft:time_since_death":148086,"minecraft:climb_one_cm":10304,"minecraft:sprint_one_cm":552858,"minecraft:walk_one_cm":777055,"minecraft:damage_blocked_by_shield":490,"minecraft:drop":22,"minecraft:talked_to_villager":84,"minecraft:play_time":345352,"minecraft:deaths":11,"minecraft:sneak_time":32119,"minecraft:walk_under_water_one_cm":125289,"minecraft:boat_one_cm":140481,"minecraft:interact_with_brewingstand":3,"minecraft:jump":6577,"minecraft:interact_with_blast_furnace":2,"minecraft:walk_on_water_one_cm":66164,"minecraft:total_world_time":345352,"minecraft:interact_with_furnace":37,"minecraft:interact_with_cartography_table":1,"minecraft:sleep_in_bed":13,"minecraft:time_since_rest":7050,"minecraft:damage_taken":5391,"minecraft:damage_dealt":17880,"minecraft:swim_one_cm":229033,"minecraft:fly_one_cm":1690919,"minecraft:open_chest":10,"minecraft:crouch_one_cm":98597,"minecraft:fall_one_cm":181026,"minecraft:horse_one_cm":8502},"minecraft:mined":{"minecraft:white_bed":4,"minecraft:dark_oak_leaves":10,"immersive_weathering:birch_leaf_pile":5,"minecraft:glow_lichen":1,"minecraft:cave_vines_plant":1,"biomesoplenty:bush":1,"minecraft:grass_block":3,"minecraft:jungle_planks":3,"minecraft:moss_block":2,"minecraft:sandstone":1,"minecraft:hay_block":21,"minecraft:furnace":2,"minecraft:iron_ore":6,"minecraft:moss_carpet":1,"biomesoplenty:magic_log":3,"minecraft:dirt_path":1,"minecraft:green_carpet":2,"minecraft:azalea":2,"minecraft:stone":27,"minecraft:podzol":2,"minecraft:flowering_azalea":1,"minecraft:oak_fence":1,"minecraft:crafting_table":4,"minecraft:campfire":1,"minecraft:tall_grass":7,"minecraft:cobblestone":11,"biomesoplenty:sprout":3,"minecraft:oak_planks":1,"minecraft:sugar_cane":13,"minecraft:diorite":2,"minecraft:wall_torch":1,"minecraft:big_dripleaf":3,"minecraft:birch_planks":14,"minecraft:birch_log":21,"minecraft:birch_leaves":5,"minecraft:grass":53,"biomesoplenty:clover":1,"minecraft:oak_log":4,"minecraft:coal_ore":28,"minecraft:sand":12,"minecraft:dirt":39,"minecraft:small_dripleaf":1,"minecraft:oak_leaves":4,"minecraft:fern":3},"minecraft:used":{"minecraft:flint_and_steel":18,"minecraft:shield":16,"minecraft:rotten_flesh":11,"minecraft:iron_chestplate":1,"minecraft:torch":1,"minecraft:dirt":345,"minecraft:jungle_planks":3,"minecraft:carrot":2,"minecraft:iron_axe":409,"minecraft:birch_sapling":2,"minecraft:iron_helmet":1,"minecraft:iron_boots":1,"minecraft:bow":1,"minecraft:beef":6,"minecraft:hay_block":1,"minecraft:written_book":2,"minecraft:furnace":3,"minecraft:cooked_beef":5,"minecraft:wheat_seeds":3,"minecraft:cooked_mutton":9,"minecraft:diorite":1,"minecraft:birch_planks":131,"minecraft:stone_pickaxe":53,"minecraft:oak_planks":12,"minecraft:wooden_pickaxe":1,"minecraft:sandstone":2,"minecraft:white_wool":1,"minecraft:sand":15,"minecraft:crafting_table":5,"minecraft:white_bed":7,"minecraft:bread":25,"minecraft:iron_pickaxe":37,"minecraft:stone_axe":106,"minecraft:cobblestone":24,"minecraft:cooked_porkchop":6,"minecraft:bone_meal":2},"minecraft:dropped":{"minecraft:wheat_seeds":1,"minecraft:iron_helmet":1,"minecraft:feather":1,"man:cassette_1safetyinstructions":1,"minecraft:stick":1,"minecraft:iron_axe":1,"minecraft:iron_pickaxe":3,"minecraft:stone_axe":1,"minecraft:white_bed":1,"minecraft:poppy":1,"minecraft:big_dripleaf":11,"minecraft:birch_door":2,"minecraft:arrow":12,"minecraft:stone_pickaxe":1},"minecraft:broken":{"minecraft:iron_axe":1,"minecraft:stone_axe":1}},"DataVersion":3120}