{"stats":{"minecraft:mined":{"minecraft:white_bed":3,"minecraft:dark_oak_leaves":10,"immersive_weathering:birch_leaf_pile":5,"minecraft:glow_lichen":1,"minecraft:cave_vines_plant":1,"minecraft:moss_block":2,"minecraft:sandstone":1,"minecraft:furnace":2,"minecraft:iron_ore":4,"minecraft:moss_carpet":1,"biomesoplenty:magic_log":3,"minecraft:green_carpet":2,"minecraft:azalea":2,"minecraft:stone":18,"minecraft:flowering_azalea":1,"minecraft:crafting_table":3,"minecraft:campfire":1,"minecraft:tall_grass":4,"minecraft:cobblestone":11,"biomesoplenty:sprout":3,"minecraft:diorite":2,"minecraft:wall_torch":1,"minecraft:big_dripleaf":3,"minecraft:birch_planks":14,"minecraft:birch_log":21,"minecraft:birch_leaves":5,"minecraft:grass":42,"biomesoplenty:clover":1,"minecraft:coal_ore":21,"minecraft:oak_log":4,"minecraft:sand":12,"minecraft:dirt":4,"minecraft:small_dripleaf":1,"minecraft:oak_leaves":1,"minecraft:fern":3},"minecraft:broken":{"minecraft:stone_axe":1},"minecraft:killed_by":{"arphex:hornet_harbinger":2,"old_goatman:old_goatman":2,"arphex:spider_moth":1,"demonic_watcher:demonic_watcher":1},"minecraft:used":{"minecraft:flint_and_steel":18,"minecraft:shield":15,"minecraft:rotten_flesh":6,"minecraft:iron_chestplate":1,"minecraft:torch":1,"minecraft:dirt":6,"minecraft:carrot":2,"minecraft:iron_axe":106,"minecraft:birch_sapling":2,"minecraft:beef":4,"minecraft:bow":1,"minecraft:hay_block":1,"minecraft:written_book":2,"minecraft:furnace":2,"minecraft:cooked_beef":5,"minecraft:wheat_seeds":3,"minecraft:cooked_mutton":9,"minecraft:diorite":1,"minecraft:birch_planks":131,"minecraft:stone_pickaxe":53,"minecraft:oak_planks":12,"minecraft:wooden_pickaxe":1,"minecraft:sandstone":2,"minecraft:white_wool":1,"minecraft:sand":15,"minecraft:crafting_table":2,"minecraft:white_bed":3,"minecraft:iron_pickaxe":9,"minecraft:stone_axe":106,"minecraft:cobblestone":24,"minecraft:cooked_porkchop":6,"minecraft:bone_meal":2},"minecraft:crafted":{"minecraft:oak_planks":16,"minecraft:bone_meal":9,"minecraft:cooked_mutton":6,"minecraft:iron_axe":1,"minecraft:stone_pickaxe":1,"biomesoplenty:magic_planks":44,"minecraft:cooked_beef":5,"minecraft:cooked_porkchop":20,"minecraft:crafting_table":2,"minecraft:birch_planks":132,"minecraft:stone_axe":1,"minecraft:air":0,"minecraft:stick":8,"minecraft:iron_ingot":20},"minecraft:dropped":{"arphex:burning_glands":4,"minecraft:iron_helmet":1,"man:cassette_1safetyinstructions":1,"minecraft:stick":1,"minecraft:iron_pickaxe":1,"minecraft:stone_axe":1,"minecraft:birch_door":2,"minecraft:arrow":12,"minecraft:stone_pickaxe":1},"minecraft:killed":{"minecraft:spider":5,"the_rake:the_rake":1,"minecraft:skeleton":7,"arphex:hornet_harbinger":1,"arphex:blood_worm":7,"arphex:ant_arsonist":2,"arphex:spider_moth_larvae":3,"minecraft:pig":9,"minecraft:creeper":1,"arphex:centipede_evictor_larvae":1,"minecraft:sheep":4,"minecraft:zombie":6,"old_goatman:old_goatman":1,"minecraft:cow":1},"minecraft:custom":{"minecraft:mob_kills":47,"minecraft:interact_with_crafting_table":10,"minecraft:damage_dealt_resisted":84,"minecraft:leave_game":3,"minecraft:time_since_death":9585,"minecraft:climb_one_cm":5971,"minecraft:sprint_one_cm":284403,"minecraft:walk_one_cm":553946,"minecraft:damage_blocked_by_shield":410,"minecraft:drop":14,"minecraft:talked_to_villager":70,"minecraft:play_time":191968,"minecraft:deaths":8,"minecraft:sneak_time":19463,"minecraft:walk_under_water_one_cm":24810,"minecraft:boat_one_cm":135925,"minecraft:jump":3676,"minecraft:walk_on_water_one_cm":26182,"minecraft:total_world_time":191968,"minecraft:interact_with_furnace":34,"minecraft:sleep_in_bed":6,"minecraft:time_since_rest":9665,"minecraft:damage_taken":3592,"minecraft:damage_dealt":6891,"minecraft:swim_one_cm":96882,"minecraft:fly_one_cm":571686,"minecraft:open_chest":1,"minecraft:crouch_one_cm":71678,"minecraft:fall_one_cm":126614,"minecraft:horse_one_cm":8502},"minecraft:picked_up":{"minecraft:crafting_table":6,"minecraft:birch_door":2,"minecraft:iron_chestplate":3,"minecraft:clay_ball":40,"minecraft:wooden_pickaxe":6,"minecraft:golden_shovel":3,"minecraft:shield":5,"minecraft:string":26,"minecraft:moss_carpet":7,"minecraft:raw_copper":8,"minecraft:iron_axe":3,"minecraft:flint_and_steel":4,"minecraft:beef":25,"minecraft:written_book":2,"minecraft:iron_pickaxe":2,"minecraft:birch_sapling":7,"minecraft:furnace":2,"minecraft:egg":3,"minecraft:dark_oak_sapling":2,"minecraft:stick":45,"minecraft:raw_iron":20,"minecraft:sandstone":2,"minecraft:big_dripleaf":28,"minecraft:torch":8,"minecraft:porkchop":36,"minecraft:diorite":1,"minecraft:carrot":2,"minecraft:arrow":20,"minecraft:rotten_flesh":8,"minecraft:hay_block":1,"minecraft:mutton":16,"minecraft:glow_berries":3,"minecraft:obsidian":2,"minecraft:white_wool":11,"minecraft:cobblestone":61,"minecraft:birch_log":33,"minecraft:cooked_beef":3,"minecraft:glow_ink_sac":2,"minecraft:jungle_log":1,"minecraft:leather":2,"biomesoplenty:glowshroom":8,"minecraft:birch_planks":127,"minecraft:oak_log":4,"minecraft:gunpowder":8,"minecraft:dirt":11,"man:cassette_1safetyinstructions":8,"minecraft:cooked_mutton":5,"minecraft:bone":21,"minecraft:bow":6,"minecraft:wheat_seeds":32,"minecraft:raw_gold":3,"arphex:burning_glands":4,"minecraft:stone_pickaxe":5,"minecraft:iron_ingot":71,"biomesoplenty:magic_log":17,"minecraft:oak_planks":4,"biomesoplenty:magic_sapling":4,"minecraft:sand":33,"minecraft:white_bed":8,"minecraft:fermented_spider_eye":4,"biomesoplenty:glowing_moss_block":3,"minecraft:green_carpet":6,"minecraft:spider_eye":2,"arphex:fly_appendage":3,"minecraft:stone_axe":3,"biomesoplenty:magic_planks":47,"minecraft:iron_helmet":1,"minecraft:bone_meal":30,"minecraft:oak_sapling":2,"minecraft:coal":39}},"DataVersion":3120}