{"stats":{"minecraft:crafted":{"minecraft:oak_planks":16,"minecraft:crafting_table":2,"minecraft:birch_planks":132,"minecraft:stone_axe":1,"minecraft:cooked_mutton":2,"minecraft:air":0,"minecraft:stick":8,"minecraft:iron_ingot":2,"minecraft:stone_pickaxe":1},"minecraft:custom":{"minecraft:interact_with_furnace":11,"minecraft:mob_kills":13,"minecraft:interact_with_crafting_table":5,"minecraft:leave_game":2,"minecraft:time_since_death":13971,"minecraft:time_since_rest":13999,"minecraft:sprint_one_cm":84335,"minecraft:damage_taken":1283,"minecraft:walk_one_cm":259209,"minecraft:drop":10,"minecraft:damage_dealt":1761,"minecraft:swim_one_cm":59665,"minecraft:talked_to_villager":4,"minecraft:fly_one_cm":149150,"minecraft:crouch_one_cm":47541,"minecraft:play_time":78255,"minecraft:deaths":4,"minecraft:sneak_time":12900,"minecraft:walk_under_water_one_cm":16594,"minecraft:jump":1245,"minecraft:walk_on_water_one_cm":10455,"minecraft:total_world_time":78255,"minecraft:fall_one_cm":37153,"minecraft:horse_one_cm":8502},"minecraft:picked_up":{"minecraft:birch_log":33,"minecraft:crafting_table":1,"minecraft:birch_door":2,"minecraft:wooden_pickaxe":2,"minecraft:birch_planks":76,"minecraft:oak_log":4,"minecraft:dirt":4,"minecraft:string":2,"man:cassette_1safetyinstructions":4,"minecraft:bone":4,"minecraft:bow":2,"minecraft:wheat_seeds":3,"minecraft:stone_pickaxe":2,"arphex:burning_glands":4,"minecraft:birch_sapling":5,"minecraft:oak_planks":4,"minecraft:raw_iron":20,"minecraft:dark_oak_sapling":2,"minecraft:stick":15,"minecraft:sandstone":2,"minecraft:torch":1,"minecraft:sand":26,"minecraft:diorite":1,"minecraft:arrow":2,"minecraft:rotten_flesh":4,"minecraft:stone_axe":2,"minecraft:oak_sapling":2,"minecraft:mutton":2,"minecraft:coal":12,"minecraft:white_wool":2,"minecraft:cobblestone":21},"minecraft:mined":{"minecraft:dark_oak_leaves":10,"minecraft:crafting_table":1,"immersive_weathering:birch_leaf_pile":5,"minecraft:wall_torch":1,"minecraft:diorite":2,"minecraft:sandstone":1,"minecraft:birch_planks":7,"minecraft:birch_log":21,"minecraft:iron_ore":4,"minecraft:birch_leaves":5,"minecraft:grass":6,"minecraft:oak_log":4,"minecraft:coal_ore":8,"minecraft:sand":10,"minecraft:dirt":3,"minecraft:stone":8,"minecraft:oak_leaves":1},"minecraft:used":{"minecraft:cooked_mutton":2,"minecraft:diorite":1,"minecraft:birch_planks":98,"minecraft:stone_pickaxe":23,"minecraft:oak_planks":12,"minecraft:wooden_pickaxe":1,"minecraft:sandstone":2,"minecraft:rotten_flesh":4,"minecraft:white_wool":1,"minecraft:torch":1,"minecraft:dirt":4,"minecraft:sand":13,"minecraft:crafting_table":1,"minecraft:stone_axe":34,"minecraft:bow":1},"minecraft:killed":{"minecraft:spider":1,"the_rake:the_rake":1,"minecraft:sheep":1,"minecraft:skeleton":2,"minecraft:zombie":2,"arphex:hornet_harbinger":1,"old_goatman:old_goatman":1,"arphex:ant_arsonist":2},"minecraft:killed_by":{"arphex:hornet_harbinger":2},"minecraft:dropped":{"arphex:burning_glands":4,"minecraft:stone_axe":1,"man:cassette_1safetyinstructions":1,"minecraft:stick":1,"minecraft:birch_door":2,"minecraft:stone_pickaxe":1}},"DataVersion":3120}