{"stats":{"minecraft:crafted":{"minecraft:oak_planks":16,"minecraft:furnace":1,"minecraft:bone_meal":9,"minecraft:cooked_mutton":6,"improvableskills:skills_book":1,"minecraft:iron_axe":2,"minecraft:stone_pickaxe":1,"biomesoplenty:magic_planks":44,"minecraft:wheat":345,"minecraft:cooked_beef":9,"minecraft:cooked_porkchop":20,"minecraft:crafting_table":3,"minecraft:iron_helmet":1,"minecraft:hay_block":15,"minecraft:birch_planks":132,"minecraft:stone_axe":1,"minecraft:bread":72,"minecraft:air":0,"minecraft:jungle_planks":4,"minecraft:book":2,"minecraft:paper":33,"minecraft:gold_nugget":1,"minecraft:stick":8,"minecraft:iron_ingot":22,"minecraft:gold_ingot":1},"minecraft:picked_up":{"minecraft:crafting_table":8,"minecraft:iron_chestplate":5,"minecraft:birch_door":2,"minecraft:wheat":6,"minecraft:clay_ball":40,"minecraft:wooden_pickaxe":6,"minecraft:golden_shovel":4,"minecraft:shield":7,"minecraft:iron_axe":6,"minecraft:moss_carpet":15,"minecraft:string":38,"minecraft:raw_copper":8,"minecraft:flint_and_steel":4,"minecraft:gold_nugget":3,"improvableskills:scroll_normal":1,"minecraft:beef":55,"minecraft:written_book":4,"minecraft:poppy":1,"minecraft:iron_pickaxe":5,"minecraft:sugar_cane":35,"minecraft:birch_sapling":7,"minecraft:furnace":2,"minecraft:iron_boots":1,"minecraft:egg":3,"minecraft:dark_oak_sapling":2,"minecraft:stick":57,"minecraft:raw_iron":22,"minecraft:sandstone":2,"minecraft:copper_ingot":2,"minecraft:big_dripleaf":39,"minecraft:torch":8,"minecraft:porkchop":50,"minecraft:diorite":1,"minecraft:carrot":2,"minecraft:arrow":20,"minecraft:rotten_flesh":13,"minecraft:hay_block":69,"minecraft:obsidian":2,"minecraft:glow_berries":5,"minecraft:mutton":28,"minecraft:cobblestone":72,"minecraft:white_wool":21,"minecraft:birch_log":33,"minecraft:feather":1,"minecraft:cooked_beef":7,"minecraft:glow_ink_sac":2,"minecraft:jungle_log":2,"minecraft:leather":12,"biomesoplenty:glowshroom":12,"minecraft:birch_planks":127,"minecraft:oak_log":4,"minecraft:gunpowder":18,"minecraft:dirt":104,"minecraft:paper":31,"man:cassette_1safetyinstructions":10,"minecraft:leather_boots":1,"minecraft:cooked_mutton":5,"minecraft:bone":43,"minecraft:apple":7,"minecraft:bow":8,"minecraft:wheat_seeds":34,"minecraft:raw_gold":4,"minecraft:stone_pickaxe":5,"minecraft:iron_ingot":87,"biomesoplenty:magic_log":17,"biomesoplenty:mahogany_planks":2,"minecraft:flowering_azalea":2,"minecraft:oak_planks":5,"biomesoplenty:magic_sapling":4,"minecraft:gravel":18,"minecraft:jungle_planks":5,"minecraft:sand":33,"minecraft:white_bed":14,"minecraft:fermented_spider_eye":8,"minecraft:green_carpet":6,"biomesoplenty:glowing_moss_block":3,"minecraft:spider_eye":2,"improvableskills:skills_book":2,"minecraft:stone_axe":3,"biomesoplenty:magic_planks":47,"minecraft:iron_helmet":2,"minecraft:bone_meal":44,"minecraft:bread":55,"minecraft:oak_sapling":2,"minecraft:coal":108,"minecraft:ender_pearl":3},"minecraft:killed":{"minecraft:spider":5,"the_rake:the_rake":1,"minecraft:skeleton":13,"minecraft:chicken":1,"minecraft:drowned":2,"minecraft:pig":12,"minecraft:iron_golem":3,"minecraft:creeper":8,"minecraft:sheep":8,"minecraft:zombie":18,"old_goatman:old_goatman":1,"minecraft:enderman":3,"minecraft:cow":7},"minecraft:killed_by":{"old_goatman:old_goatman":3,"minecraft:drowned":3,"demonic_watcher:demonic_watcher":1},"minecraft:custom":{"minecraft:mob_kills":91,"minecraft:interact_with_crafting_table":27,"minecraft:bell_ring":1,"minecraft:damage_dealt_resisted":84,"minecraft:leave_game":6,"minecraft:time_since_death":7048,"minecraft:climb_one_cm":13450,"minecraft:sprint_one_cm":591967,"minecraft:walk_one_cm":839565,"minecraft:damage_blocked_by_shield":490,"minecraft:drop":26,"minecraft:talked_to_villager":94,"minecraft:play_time":369352,"minecraft:deaths":12,"minecraft:sneak_time":35261,"minecraft:walk_under_water_one_cm":125289,"minecraft:boat_one_cm":140481,"minecraft:interact_with_brewingstand":3,"minecraft:jump":6929,"minecraft:interact_with_blast_furnace":2,"minecraft:walk_on_water_one_cm":66626,"minecraft:total_world_time":369352,"minecraft:interact_with_furnace":41,"minecraft:interact_with_cartography_table":1,"minecraft:sleep_in_bed":14,"minecraft:time_since_rest":7099,"minecraft:damage_taken":6091,"minecraft:damage_dealt":18175,"minecraft:swim_one_cm":229033,"minecraft:fly_one_cm":1766179,"minecraft:open_chest":12,"minecraft:crouch_one_cm":112146,"minecraft:fall_one_cm":190057,"minecraft:horse_one_cm":8502},"minecraft:mined":{"minecraft:white_bed":5,"minecraft:dark_oak_leaves":10,"immersive_weathering:birch_leaf_pile":5,"minecraft:glow_lichen":1,"minecraft:cave_vines_plant":1,"biomesoplenty:bush":3,"minecraft:grass_block":3,"minecraft:jungle_planks":3,"minecraft:moss_block":2,"minecraft:sandstone":1,"minecraft:hay_block":30,"minecraft:furnace":2,"minecraft:iron_ore":6,"minecraft:moss_carpet":1,"biomesoplenty:magic_log":3,"minecraft:dirt_path":1,"minecraft:green_carpet":2,"minecraft:azalea":2,"minecraft:stone":27,"minecraft:podzol":2,"minecraft:flowering_azalea":1,"minecraft:oak_fence":1,"minecraft:crafting_table":4,"minecraft:campfire":1,"minecraft:tall_grass":8,"minecraft:cobblestone":11,"biomesoplenty:sprout":3,"minecraft:oak_planks":1,"minecraft:sugar_cane":13,"minecraft:diorite":2,"minecraft:wall_torch":1,"minecraft:big_dripleaf":3,"minecraft:birch_planks":14,"minecraft:birch_log":21,"minecraft:birch_leaves":5,"minecraft:grass":57,"biomesoplenty:clover":1,"minecraft:oak_log":4,"minecraft:coal_ore":28,"minecraft:sand":12,"minecraft:dirt":39,"minecraft:small_dripleaf":1,"minecraft:oak_leaves":4,"minecraft:fern":3},"minecraft:used":{"minecraft:flint_and_steel":18,"minecraft:shield":16,"minecraft:rotten_flesh":11,"minecraft:iron_chestplate":1,"minecraft:torch":1,"minecraft:dirt":345,"minecraft:jungle_planks":3,"minecraft:carrot":2,"minecraft:iron_axe":430,"minecraft:birch_sapling":2,"minecraft:iron_helmet":2,"minecraft:iron_boots":1,"minecraft:bow":1,"minecraft:beef":6,"minecraft:hay_block":1,"minecraft:written_book":2,"minecraft:furnace":3,"minecraft:cooked_beef":5,"minecraft:wheat_seeds":3,"minecraft:cooked_mutton":9,"minecraft:diorite":1,"minecraft:birch_planks":131,"minecraft:stone_pickaxe":53,"minecraft:oak_planks":12,"minecraft:wooden_pickaxe":1,"minecraft:sandstone":2,"minecraft:white_wool":1,"minecraft:sand":15,"minecraft:crafting_table":5,"minecraft:white_bed":8,"minecraft:bread":34,"minecraft:iron_pickaxe":37,"minecraft:stone_axe":106,"minecraft:cobblestone":24,"minecraft:cooked_porkchop":6,"minecraft:bone_meal":2},"minecraft:dropped":{"minecraft:wheat_seeds":1,"minecraft:iron_helmet":1,"minecraft:feather":1,"man:cassette_1safetyinstructions":1,"minecraft:stick":1,"minecraft:iron_axe":1,"minecraft:iron_pickaxe":3,"minecraft:moss_carpet":2,"minecraft:stone_axe":1,"improvableskills:skills_book":2,"minecraft:white_bed":1,"minecraft:poppy":1,"minecraft:big_dripleaf":11,"minecraft:birch_door":2,"minecraft:arrow":12,"minecraft:stone_pickaxe":1},"minecraft:broken":{"minecraft:iron_axe":1,"minecraft:stone_axe":1}},"DataVersion":3120}