{"stats":{"minecraft:mined":{"minecraft:white_bed":3,"minecraft:dark_oak_leaves":10,"minecraft:crafting_table":3,"immersive_weathering:birch_leaf_pile":5,"minecraft:campfire":1,"minecraft:tall_grass":1,"minecraft:cobblestone":11,"biomesoplenty:sprout":3,"minecraft:diorite":2,"minecraft:sandstone":1,"minecraft:wall_torch":1,"minecraft:birch_planks":14,"minecraft:furnace":2,"minecraft:birch_log":21,"minecraft:iron_ore":4,"minecraft:birch_leaves":5,"biomesoplenty:magic_log":3,"minecraft:grass":35,"biomesoplenty:clover":1,"minecraft:oak_log":4,"minecraft:coal_ore":21,"minecraft:sand":10,"minecraft:dirt":4,"minecraft:green_carpet":2,"minecraft:stone":9,"minecraft:oak_leaves":1,"minecraft:fern":3},"minecraft:killed_by":{"arphex:hornet_harbinger":2,"old_goatman:old_goatman":1},"minecraft:broken":{"minecraft:stone_axe":1},"minecraft:used":{"minecraft:wheat_seeds":3,"minecraft:cooked_mutton":7,"minecraft:diorite":1,"minecraft:birch_planks":113,"minecraft:stone_pickaxe":52,"minecraft:oak_planks":12,"minecraft:wooden_pickaxe":1,"minecraft:sandstone":2,"minecraft:rotten_flesh":6,"minecraft:white_wool":1,"minecraft:torch":1,"minecraft:sand":13,"minecraft:dirt":6,"minecraft:crafting_table":2,"minecraft:carrot":2,"minecraft:white_bed":3,"minecraft:iron_axe":14,"minecraft:birch_sapling":2,"minecraft:stone_axe":106,"minecraft:cobblestone":15,"minecraft:bow":1,"minecraft:furnace":2,"minecraft:cooked_porkchop":3,"minecraft:cooked_beef":5,"minecraft:bone_meal":2},"minecraft:crafted":{"minecraft:cooked_beef":5,"minecraft:oak_planks":16,"minecraft:cooked_porkchop":20,"minecraft:crafting_table":2,"minecraft:bone_meal":9,"minecraft:birch_planks":132,"minecraft:stone_axe":1,"minecraft:cooked_mutton":6,"minecraft:air":0,"minecraft:iron_axe":1,"minecraft:stick":8,"minecraft:iron_ingot":20,"minecraft:stone_pickaxe":1},"minecraft:dropped":{"arphex:burning_glands":4,"minecraft:stone_axe":1,"man:cassette_1safetyinstructions":1,"minecraft:stick":1,"minecraft:birch_door":2,"minecraft:stone_pickaxe":1},"minecraft:killed":{"minecraft:pig":9,"minecraft:spider":1,"the_rake:the_rake":1,"minecraft:sheep":4,"minecraft:skeleton":3,"minecraft:zombie":2,"arphex:hornet_harbinger":1,"arphex:blood_worm":7,"old_goatman:old_goatman":1,"arphex:ant_arsonist":2,"minecraft:cow":1},"minecraft:custom":{"minecraft:interact_with_furnace":32,"minecraft:mob_kills":34,"minecraft:interact_with_crafting_table":10,"minecraft:leave_game":2,"minecraft:time_since_death":50402,"minecraft:sleep_in_bed":6,"minecraft:climb_one_cm":3588,"minecraft:time_since_rest":3598,"minecraft:sprint_one_cm":245719,"minecraft:damage_taken":2193,"minecraft:walk_one_cm":444296,"minecraft:drop":10,"minecraft:damage_dealt":3381,"minecraft:swim_one_cm":76300,"minecraft:talked_to_villager":70,"minecraft:fly_one_cm":442843,"minecraft:open_chest":1,"minecraft:crouch_one_cm":67951,"minecraft:play_time":143955,"minecraft:deaths":5,"minecraft:sneak_time":18063,"minecraft:walk_under_water_one_cm":17920,"minecraft:jump":2980,"minecraft:walk_on_water_one_cm":11577,"minecraft:total_world_time":143955,"minecraft:fall_one_cm":103583,"minecraft:horse_one_cm":8502},"minecraft:picked_up":{"minecraft:birch_log":33,"minecraft:birch_door":2,"minecraft:crafting_table":4,"minecraft:cooked_beef":3,"minecraft:leather":2,"minecraft:wooden_pickaxe":3,"minecraft:birch_planks":127,"minecraft:oak_log":4,"minecraft:shield":1,"minecraft:gunpowder":1,"minecraft:dirt":8,"minecraft:string":4,"minecraft:raw_copper":4,"man:cassette_1safetyinstructions":5,"minecraft:cooked_mutton":2,"minecraft:bone":4,"minecraft:bow":3,"minecraft:wheat_seeds":7,"minecraft:iron_ingot":20,"minecraft:beef":3,"minecraft:stone_pickaxe":3,"arphex:burning_glands":4,"biomesoplenty:magic_log":17,"minecraft:birch_sapling":7,"minecraft:oak_planks":4,"minecraft:egg":1,"minecraft:furnace":2,"biomesoplenty:magic_sapling":2,"minecraft:raw_iron":20,"minecraft:dark_oak_sapling":2,"minecraft:stick":24,"minecraft:sandstone":2,"minecraft:torch":1,"minecraft:porkchop":32,"minecraft:sand":29,"minecraft:diorite":1,"minecraft:white_bed":4,"minecraft:carrot":2,"minecraft:green_carpet":2,"minecraft:arrow":5,"minecraft:rotten_flesh":6,"minecraft:stone_axe":3,"minecraft:hay_block":1,"minecraft:bone_meal":9,"minecraft:oak_sapling":2,"minecraft:mutton":8,"minecraft:coal":39,"minecraft:white_wool":5,"minecraft:cobblestone":33}},"DataVersion":3120}