{"stats":{"minecraft:mined":{"minecraft:dark_oak_leaves":10,"minecraft:crafting_table":2,"immersive_weathering:birch_leaf_pile":5,"minecraft:diorite":2,"minecraft:sandstone":1,"minecraft:wall_torch":1,"minecraft:birch_planks":7,"minecraft:furnace":1,"minecraft:birch_log":21,"minecraft:iron_ore":4,"minecraft:birch_leaves":5,"minecraft:grass":6,"minecraft:oak_log":4,"minecraft:coal_ore":21,"minecraft:sand":10,"minecraft:dirt":3,"minecraft:stone":8,"minecraft:oak_leaves":1},"minecraft:killed_by":{"arphex:hornet_harbinger":2},"minecraft:crafted":{"minecraft:oak_planks":16,"minecraft:crafting_table":2,"minecraft:birch_planks":132,"minecraft:stone_axe":1,"minecraft:cooked_mutton":2,"minecraft:air":0,"minecraft:stick":8,"minecraft:iron_ingot":20,"minecraft:stone_pickaxe":1},"minecraft:used":{"minecraft:cooked_mutton":2,"minecraft:diorite":1,"minecraft:birch_planks":98,"minecraft:stone_pickaxe":37,"minecraft:oak_planks":12,"minecraft:wooden_pickaxe":1,"minecraft:sandstone":2,"minecraft:rotten_flesh":6,"minecraft:white_wool":1,"minecraft:torch":1,"minecraft:sand":13,"minecraft:dirt":4,"minecraft:crafting_table":1,"minecraft:stone_axe":54,"minecraft:bow":1},"minecraft:dropped":{"arphex:burning_glands":4,"minecraft:stone_axe":1,"man:cassette_1safetyinstructions":1,"minecraft:stick":1,"minecraft:birch_door":2,"minecraft:stone_pickaxe":1},"minecraft:killed":{"minecraft:spider":1,"the_rake:the_rake":1,"minecraft:sheep":1,"minecraft:skeleton":2,"minecraft:zombie":2,"arphex:hornet_harbinger":1,"arphex:blood_worm":7,"old_goatman:old_goatman":1,"arphex:ant_arsonist":2},"minecraft:custom":{"minecraft:interact_with_furnace":14,"minecraft:mob_kills":20,"minecraft:interact_with_crafting_table":6,"minecraft:leave_game":2,"minecraft:time_since_death":19671,"minecraft:time_since_rest":19699,"minecraft:sprint_one_cm":100710,"minecraft:damage_taken":1363,"minecraft:walk_one_cm":284352,"minecraft:drop":10,"minecraft:damage_dealt":2108,"minecraft:swim_one_cm":60864,"minecraft:talked_to_villager":4,"minecraft:fly_one_cm":171640,"minecraft:crouch_one_cm":53050,"minecraft:play_time":83955,"minecraft:deaths":4,"minecraft:sneak_time":14131,"minecraft:walk_under_water_one_cm":16646,"minecraft:jump":1346,"minecraft:walk_on_water_one_cm":10607,"minecraft:total_world_time":83955,"minecraft:fall_one_cm":37989,"minecraft:horse_one_cm":8502},"minecraft:picked_up":{"minecraft:birch_log":33,"minecraft:birch_door":2,"minecraft:crafting_table":2,"minecraft:wooden_pickaxe":2,"minecraft:birch_planks":94,"minecraft:oak_log":4,"minecraft:dirt":4,"minecraft:string":2,"minecraft:raw_copper":2,"man:cassette_1safetyinstructions":4,"minecraft:bone":4,"minecraft:bow":2,"minecraft:wheat_seeds":3,"minecraft:stone_pickaxe":2,"arphex:burning_glands":4,"minecraft:birch_sapling":5,"minecraft:oak_planks":4,"minecraft:furnace":1,"minecraft:raw_iron":20,"minecraft:dark_oak_sapling":2,"minecraft:stick":15,"minecraft:sandstone":2,"minecraft:torch":1,"minecraft:sand":26,"minecraft:diorite":1,"minecraft:arrow":2,"minecraft:rotten_flesh":6,"minecraft:stone_axe":2,"minecraft:oak_sapling":2,"minecraft:mutton":2,"minecraft:coal":25,"minecraft:white_wool":2,"minecraft:cobblestone":21}},"DataVersion":3120}