{"stats":{"minecraft:mined":{"biomesoplenty:glowing_moss_block":1,"biomesoplenty:glowshroom":1,"minecraft:white_bed":3,"minecraft:dark_oak_leaves":1,"minecraft:deepslate_diamond_ore":3,"minecraft:jungle_leaves":1,"immersive_weathering:birch_leaf_pile":14,"biomesoplenty:bush":2,"minecraft:grass_block":2,"minecraft:jungle_log":9,"minecraft:birch_slab":6,"minecraft:spruce_leaves":6,"minecraft:sandstone":3,"minecraft:hay_block":57,"minecraft:furnace":3,"minecraft:iron_ore":36,"minecraft:moss_carpet":1,"biomesoplenty:magic_log":6,"biomesoplenty:glowshroom_block":2,"biomesoplenty:pink_cherry_leaves":3,"minecraft:vine":5,"minecraft:cave_vines":1,"minecraft:deepslate_iron_ore":6,"immersive_weathering:ivy":1,"minecraft:stone":88,"minecraft:white_wool":3,"immersive_weathering:oak_leaf_pile":6,"minecraft:flowering_azalea":1,"biomesoplenty:glowworm_silk":2,"minecraft:crafting_table":6,"biomesoplenty:sprout":4,"minecraft:tall_grass":4,"minecraft:cobblestone":24,"immersive_weathering:biomesoplenty/magic_leaf_pile":6,"minecraft:deepslate_coal_ore":1,"minecraft:deepslate_gold_ore":3,"biomesoplenty:huge_clover_petal":4,"minecraft:oak_planks":3,"minecraft:diorite":1,"minecraft:wall_torch":2,"minecraft:birch_planks":26,"biomesoplenty:magic_leaves":10,"biomesoplenty:mahogany_log":1,"minecraft:birch_log":21,"minecraft:lilac":1,"minecraft:birch_leaves":7,"minecraft:birch_door":8,"minecraft:grass":22,"biomesoplenty:clover":1,"minecraft:oak_log":9,"minecraft:coal_ore":35,"minecraft:sand":33,"minecraft:dirt":3,"biomesoplenty:stringy_cobweb":1,"minecraft:oak_leaves":7,"minecraft:fern":5},"minecraft:broken":{"minecraft:stone_pickaxe":1,"minecraft:iron_axe":1},"minecraft:killed_by":{"arphex:hornet_harbinger":2,"old_goatman:old_goatman":1,"the_rake:the_rake":1,"minecraft:drowned":2,"arphex:spider_snatcher":1,"arphex:spider_moth":2,"minecraft:skeleton":3},"minecraft:crafted":{"artifacts:eternal_steak":1,"minecraft:jungle_button":1,"minecraft:oak_planks":36,"biomesoplenty:mahogany_planks":4,"minecraft:birch_slab":18,"minecraft:furnace":1,"minecraft:cooked_mutton":8,"minecraft:iron_boots":1,"minecraft:iron_axe":2,"minecraft:stone_pickaxe":1,"biomesoplenty:magic_planks":16,"minecraft:birch_door":3,"minecraft:cooked_beef":8,"minecraft:cooked_porkchop":15,"minecraft:crafting_table":2,"minecraft:jungle_boat":1,"minecraft:wooden_pickaxe":1,"minecraft:iron_helmet":1,"minecraft:birch_planks":52,"minecraft:stone_axe":1,"minecraft:air":0,"minecraft:jungle_planks":16,"minecraft:iron_chestplate":1,"minecraft:shield":2,"minecraft:stick":12,"minecraft:iron_ingot":25,"minecraft:iron_pickaxe":1,"minecraft:white_bed":3,"minecraft:torch":8},"minecraft:used":{"minecraft:azalea":1,"minecraft:poppy":2,"minecraft:shield":41,"biomesoplenty:glowshroom":1,"minecraft:rotten_flesh":1,"minecraft:torch":112,"minecraft:dirt":1,"minecraft:mutton":6,"minecraft:birch_door":9,"minecraft:iron_axe":219,"minecraft:birch_sapling":1,"minecraft:iron_helmet":4,"minecraft:iron_boots":3,"minecraft:bow":2,"minecraft:hay_block":16,"minecraft:written_book":2,"minecraft:oak_sapling":1,"minecraft:furnace":3,"minecraft:egg":3,"minecraft:cooked_beef":8,"minecraft:wheat_seeds":7,"minecraft:cooked_mutton":8,"minecraft:diorite":2,"minecraft:birch_planks":38,"minecraft:stone_pickaxe":133,"minecraft:oak_planks":3,"minecraft:wooden_pickaxe":14,"minecraft:sandstone":2,"artifacts:eternal_steak":17,"minecraft:jungle_boat":1,"minecraft:white_wool":3,"minecraft:glow_berries":2,"minecraft:sand":25,"minecraft:crafting_table":8,"minecraft:white_bed":4,"biomesoplenty:magic_sapling":1,"minecraft:birch_slab":24,"minecraft:iron_pickaxe":64,"minecraft:lilac":1,"minecraft:stone_axe":14,"minecraft:cobblestone":86,"minecraft:birch_log":1,"minecraft:gray_wool":2},"minecraft:dropped":{"minecraft:porkchop":2,"minecraft:wheat_seeds":4,"minecraft:glow_ink_sac":2,"minecraft:crafting_table":1,"minecraft:dark_oak_sapling":3,"minecraft:cobblestone":4,"minecraft:glow_berries":1,"man:cassette_1safetyinstructions":1,"minecraft:dirt":1,"minecraft:jungle_button":1,"minecraft:mutton":2,"minecraft:string":1,"minecraft:fermented_spider_eye":1,"minecraft:bone":3,"minecraft:moss_carpet":11,"minecraft:raw_copper":1,"minecraft:raw_iron":18,"minecraft:rotten_flesh":2,"minecraft:clay_ball":40,"minecraft:cooked_mutton":6,"biomesoplenty:glowing_moss_block":1,"minecraft:big_dripleaf":3,"minecraft:shield":2,"minecraft:gunpowder":2,"minecraft:iron_chestplate":1,"minecraft:azalea":1,"minecraft:spider_eye":2,"minecraft:wooden_pickaxe":1,"minecraft:bow":1,"minecraft:beef":12,"minecraft:written_book":2,"arphex:fly_appendage":2},"minecraft:killed":{"minecraft:spider":3,"minecraft:skeleton":4,"arphex:hornet_harbinger":1,"arphex:blood_worm":1,"minecraft:drowned":1,"arphex:ant_arsonist":3,"arphex:butterfly_bewitcher":1,"arphex:long_legs":1,"minecraft:pig":9,"minecraft:iron_golem":2,"minecraft:creeper":1,"arphex:centipede_evictor_larvae":1,"minecraft:sheep":13,"minecraft:zombie":15,"old_goatman:old_goatman":3,"arphex:spider_larvae":2,"minecraft:cow":7},"minecraft:custom":{"minecraft:mob_kills":70,"minecraft:interact_with_crafting_table":40,"minecraft:damage_dealt_resisted":16,"minecraft:leave_game":1,"minecraft:time_since_death":1282,"minecraft:climb_one_cm":3354,"minecraft:sprint_one_cm":274453,"minecraft:walk_one_cm":582799,"minecraft:damage_blocked_by_shield":1435,"minecraft:drop":51,"minecraft:talked_to_villager":64,"minecraft:play_time":221257,"minecraft:sneak_time":12919,"minecraft:deaths":15,"minecraft:walk_under_water_one_cm":107050,"minecraft:boat_one_cm":250322,"minecraft:jump":3073,"minecraft:walk_on_water_one_cm":49228,"minecraft:total_world_time":221257,"minecraft:interact_with_furnace":45,"minecraft:sleep_in_bed":7,"minecraft:time_since_rest":1307,"minecraft:damage_taken":6740,"minecraft:damage_dealt":11756,"minecraft:swim_one_cm":254666,"minecraft:fly_one_cm":393266,"minecraft:open_chest":4,"minecraft:crouch_one_cm":27462,"minecraft:fall_one_cm":91471},"minecraft:picked_up":{"minecraft:crafting_table":9,"minecraft:charcoal":2,"minecraft:birch_door":15,"minecraft:clay_ball":335,"minecraft:wooden_pickaxe":1,"minecraft:shield":1,"minecraft:string":16,"minecraft:moss_carpet":11,"minecraft:raw_copper":5,"minecraft:iron_axe":9,"minecraft:beef":22,"minecraft:written_book":4,"minecraft:jungle_sapling":2,"minecraft:azalea":3,"minecraft:poppy":2,"minecraft:iron_pickaxe":5,"minecraft:birch_sapling":3,"minecraft:furnace":7,"minecraft:iron_boots":5,"minecraft:egg":3,"minecraft:dark_oak_sapling":3,"minecraft:stick":8,"minecraft:raw_iron":73,"minecraft:sandstone":3,"minecraft:big_dripleaf":20,"minecraft:torch":126,"minecraft:porkchop":12,"minecraft:diorite":4,"artifacts:everlasting_beef":1,"minecraft:arrow":9,"minecraft:rotten_flesh":41,"minecraft:hay_block":296,"minecraft:glow_berries":9,"minecraft:mutton":25,"minecraft:white_wool":28,"minecraft:cobblestone":202,"minecraft:birch_log":19,"minecraft:jungle_boat":4,"minecraft:lilac":1,"artifacts:eternal_steak":6,"minecraft:glow_ink_sac":10,"minecraft:birch_slab":6,"minecraft:jungle_log":15,"minecraft:leather":40,"biomesoplenty:glowshroom":2,"minecraft:birch_planks":59,"minecraft:oak_log":9,"minecraft:gunpowder":3,"minecraft:dirt":3,"man:cassette_1safetyinstructions":2,"minecraft:cooked_mutton":6,"minecraft:bone":9,"minecraft:bow":5,"minecraft:wheat_seeds":13,"minecraft:raw_gold":16,"arphex:burning_glands":64,"minecraft:iron_ingot":24,"minecraft:stone_pickaxe":5,"biomesoplenty:magic_log":4,"biomesoplenty:mahogany_planks":8,"minecraft:flowering_azalea":1,"minecraft:oak_planks":9,"biomesoplenty:magic_sapling":1,"minecraft:cooked_porkchop":45,"minecraft:sand":33,"minecraft:jungle_planks":2,"minecraft:white_bed":2,"minecraft:fermented_spider_eye":1,"biomesoplenty:glowing_moss_block":1,"minecraft:spider_eye":2,"biomesoplenty:mahogany_log":1,"arphex:fly_appendage":2,"minecraft:diamond":15,"minecraft:stone_axe":10,"biomesoplenty:magic_planks":44,"minecraft:iron_helmet":9,"minecraft:gray_wool":2,"minecraft:oak_sapling":2,"minecraft:coal":269}},"DataVersion":3120}