{"stats":{"minecraft:crafted":{"minecraft:jungle_button":1,"artifacts:eternal_steak":1,"minecraft:oak_door":3,"minecraft:oak_planks":616,"biomesoplenty:mahogany_planks":4,"minecraft:birch_slab":18,"minecraft:furnace":2,"minecraft:bookshelf":1,"minecraft:cooked_mutton":25,"minecraft:iron_boots":1,"minecraft:iron_axe":3,"minecraft:stone_pickaxe":1,"minecraft:chest":2,"biomesoplenty:magic_planks":16,"minecraft:birch_door":3,"minecraft:cooked_beef":8,"minecraft:oak_slab":6,"minecraft:emerald":37,"minecraft:cooked_porkchop":19,"minecraft:crafting_table":4,"minecraft:spruce_planks":80,"minecraft:jungle_boat":1,"minecraft:wooden_pickaxe":1,"minecraft:iron_helmet":1,"minecraft:fletching_table":2,"minecraft:birch_planks":52,"minecraft:stone_axe":1,"minecraft:air":0,"minecraft:jungle_planks":28,"minecraft:lectern":1,"minecraft:book":1,"minecraft:iron_chestplate":2,"minecraft:paper":15,"minecraft:shield":4,"minecraft:stick":1216,"minecraft:iron_ingot":25,"minecraft:iron_pickaxe":1,"minecraft:iron_shovel":1,"minecraft:gold_ingot":2,"minecraft:white_bed":3,"minecraft:torch":24},"minecraft:picked_up":{"minecraft:charcoal":2,"minecraft:crafting_table":11,"minecraft:birch_door":16,"minecraft:wheat":6,"minecraft:clay_ball":335,"minecraft:wooden_pickaxe":1,"minecraft:gold_block":1,"minecraft:golden_sword":1,"minecraft:shield":3,"minecraft:string":16,"minecraft:moss_carpet":12,"minecraft:raw_copper":5,"minecraft:iron_axe":10,"minecraft:iron_shovel":1,"minecraft:smooth_stone":1,"minecraft:beef":38,"minecraft:written_book":5,"minecraft:jungle_sapling":2,"minecraft:azalea":3,"minecraft:poppy":3,"minecraft:iron_pickaxe":7,"minecraft:lectern":2,"minecraft:sugar_cane":16,"minecraft:birch_sapling":3,"minecraft:furnace":7,"minecraft:iron_boots":7,"minecraft:egg":3,"minecraft:dark_oak_sapling":3,"minecraft:stick":43,"minecraft:raw_iron":99,"minecraft:sandstone":4,"minecraft:oak_door":5,"minecraft:copper_ingot":1,"minecraft:big_dripleaf":20,"minecraft:torch":129,"minecraft:porkchop":16,"minecraft:diorite":4,"minecraft:carrot":23,"minecraft:cauldron":4,"artifacts:everlasting_beef":1,"minecraft:arrow":15,"minecraft:rotten_flesh":59,"minecraft:peony":5,"minecraft:hay_block":450,"minecraft:glow_berries":11,"minecraft:mutton":42,"minecraft:white_wool":53,"minecraft:cobblestone":269,"minecraft:birch_log":19,"minecraft:magma_block":6,"minecraft:jungle_boat":11,"minecraft:lilac":1,"artifacts:eternal_steak":8,"minecraft:jungle_log":17,"minecraft:glow_ink_sac":10,"minecraft:birch_slab":6,"immersive_weathering:spruce_bark":1,"minecraft:leather":48,"minecraft:golden_leggings":1,"biomesoplenty:glowshroom":2,"minecraft:birch_planks":59,"minecraft:flint":13,"minecraft:oak_log":170,"minecraft:gunpowder":3,"minecraft:dirt":7,"minecraft:paper":23,"man:cassette_1safetyinstructions":2,"minecraft:cooked_mutton":6,"minecraft:bone":13,"minecraft:apple":3,"minecraft:stonecutter":1,"minecraft:bow":5,"minecraft:wheat_seeds":30,"minecraft:raw_gold":18,"minecraft:iron_ingot":40,"minecraft:stone_pickaxe":5,"biomesoplenty:magic_log":4,"minecraft:moss_block":1,"minecraft:oak_planks":9,"minecraft:flowering_azalea":2,"biomesoplenty:mahogany_planks":11,"biomesoplenty:magic_sapling":1,"minecraft:oak_slab":2,"minecraft:cooked_porkchop":45,"minecraft:spruce_sapling":5,"minecraft:gravel":88,"minecraft:sand":130,"minecraft:jungle_planks":2,"minecraft:spruce_log":40,"minecraft:white_bed":13,"minecraft:grass_block":1,"minecraft:fermented_spider_eye":1,"biomesoplenty:glowing_moss_block":1,"minecraft:spider_eye":2,"biomesoplenty:mahogany_log":1,"improvableskills:skills_book":1,"minecraft:diamond":15,"minecraft:stone_axe":10,"biomesoplenty:magic_planks":44,"minecraft:iron_helmet":11,"minecraft:gray_wool":2,"minecraft:emerald":28,"minecraft:terracotta":2,"minecraft:oak_sapling":27,"minecraft:coal":409,"minecraft:ender_pearl":5},"minecraft:killed":{"minecraft:spider":3,"minecraft:skeleton":8,"minecraft:horse":3,"minecraft:drowned":4,"minecraft:pig":11,"minecraft:iron_golem":5,"minecraft:creeper":2,"minecraft:sheep":24,"minecraft:zombie":19,"old_goatman:old_goatman":3,"minecraft:enderman":2,"minecraft:cow":13},"minecraft:killed_by":{"old_goatman:old_goatman":2,"the_rake:the_rake":1,"minecraft:drowned":2,"the_mangle:the_mangle":1,"minecraft:skeleton":3},"minecraft:custom":{"minecraft:mob_kills":115,"minecraft:interact_with_crafting_table":63,"minecraft:damage_dealt_resisted":16,"minecraft:leave_game":9,"minecraft:time_since_death":3023,"minecraft:climb_one_cm":4416,"minecraft:sprint_one_cm":501762,"minecraft:walk_one_cm":911447,"minecraft:damage_blocked_by_shield":4403,"minecraft:drop":65,"minecraft:talked_to_villager":86,"minecraft:play_time":366161,"minecraft:sneak_time":20659,"minecraft:deaths":17,"minecraft:walk_under_water_one_cm":146226,"minecraft:boat_one_cm":266242,"minecraft:jump":6725,"minecraft:walk_on_water_one_cm":71658,"minecraft:total_world_time":366161,"minecraft:interact_with_furnace":58,"minecraft:traded_with_villager":37,"minecraft:interact_with_stonecutter":1,"minecraft:sleep_in_bed":23,"minecraft:time_since_rest":3046,"minecraft:damage_taken":9088,"minecraft:damage_dealt":21811,"minecraft:swim_one_cm":490791,"minecraft:fly_one_cm":752103,"minecraft:open_chest":58,"minecraft:crouch_one_cm":43956,"minecraft:fall_one_cm":164846},"minecraft:mined":{"biomesoplenty:glowing_moss_block":1,"biomesoplenty:glowshroom":1,"minecraft:white_bed":7,"minecraft:oak_sapling":3,"minecraft:dark_oak_leaves":1,"minecraft:deepslate_diamond_ore":3,"minecraft:oak_door":2,"minecraft:jungle_leaves":1,"immersive_weathering:birch_leaf_pile":14,"biomesoplenty:bush":11,"minecraft:grass_block":3,"minecraft:jungle_log":9,"minecraft:birch_slab":6,"minecraft:spruce_leaves":8,"minecraft:moss_block":1,"minecraft:sandstone":4,"minecraft:smooth_stone":1,"minecraft:hay_block":159,"minecraft:magma_block":6,"minecraft:carrots":6,"minecraft:furnace":3,"minecraft:iron_ore":49,"minecraft:moss_carpet":1,"minecraft:peony":2,"minecraft:gold_block":1,"biomesoplenty:magic_log":6,"minecraft:water_cauldron":4,"biomesoplenty:glowshroom_block":2,"biomesoplenty:pink_cherry_leaves":3,"minecraft:vine":5,"minecraft:cave_vines":1,"minecraft:deepslate_iron_ore":6,"immersive_weathering:ivy":1,"minecraft:stone":107,"minecraft:white_wool":5,"immersive_weathering:oak_leaf_pile":22,"minecraft:flowering_azalea":1,"biomesoplenty:glowworm_silk":2,"immersive_weathering:spruce_leaf_pile":1,"minecraft:crafting_table":9,"biomesoplenty:mahogany_planks":5,"minecraft:lectern":1,"minecraft:tall_grass":5,"minecraft:cobblestone":48,"immersive_weathering:biomesoplenty/magic_leaf_pile":6,"minecraft:deepslate_coal_ore":1,"biomesoplenty:sprout":4,"minecraft:deepslate_gold_ore":3,"biomesoplenty:huge_clover_petal":4,"minecraft:oak_planks":3,"minecraft:sugar_cane":5,"minecraft:diorite":1,"minecraft:wall_torch":2,"minecraft:birch_planks":26,"biomesoplenty:magic_leaves":10,"minecraft:wheat":6,"biomesoplenty:mahogany_log":1,"minecraft:birch_log":21,"minecraft:lilac":1,"minecraft:spruce_log":20,"minecraft:birch_leaves":7,"minecraft:birch_door":8,"minecraft:stone_brick_stairs":1,"minecraft:grass":35,"biomesoplenty:clover":1,"minecraft:oak_log":132,"minecraft:coal_ore":113,"minecraft:gravel":85,"minecraft:dirt":6,"minecraft:sand":100,"biomesoplenty:stringy_cobweb":1,"minecraft:cobweb":1,"minecraft:terracotta":2,"minecraft:stonecutter":2,"minecraft:oak_leaves":26,"minecraft:fern":9},"minecraft:used":{"minecraft:peony":5,"minecraft:moss_block":1,"biomesoplenty:mahogany_planks":6,"minecraft:moss_carpet":1,"minecraft:iron_shovel":127,"minecraft:poppy":3,"minecraft:chest":2,"minecraft:shield":101,"biomesoplenty:glowshroom":1,"minecraft:rotten_flesh":1,"minecraft:oak_door":2,"minecraft:torch":129,"minecraft:dirt":1,"minecraft:mutton":6,"minecraft:carrot":9,"minecraft:birch_door":10,"minecraft:flowering_azalea":1,"minecraft:iron_axe":507,"minecraft:birch_sapling":1,"minecraft:iron_helmet":6,"minecraft:iron_boots":4,"minecraft:golden_sword":1,"minecraft:magma_block":6,"minecraft:bow":2,"minecraft:written_book":4,"minecraft:hay_block":59,"minecraft:oak_sapling":19,"minecraft:furnace":4,"minecraft:egg":3,"minecraft:cooked_beef":8,"minecraft:wheat_seeds":19,"minecraft:cooked_mutton":8,"minecraft:diorite":2,"minecraft:birch_planks":38,"minecraft:stone_pickaxe":133,"minecraft:oak_planks":15,"minecraft:wooden_pickaxe":14,"minecraft:sandstone":2,"artifacts:eternal_steak":45,"minecraft:fletching_table":2,"minecraft:jungle_boat":6,"minecraft:white_wool":5,"minecraft:glow_berries":4,"minecraft:sand":42,"minecraft:terracotta":2,"minecraft:crafting_table":12,"minecraft:white_bed":13,"biomesoplenty:magic_sapling":1,"minecraft:spruce_sapling":5,"minecraft:birch_slab":24,"minecraft:iron_pickaxe":220,"minecraft:lectern":1,"minecraft:gravel":88,"minecraft:lilac":1,"minecraft:stone_axe":14,"minecraft:cobblestone":122,"minecraft:birch_log":1,"minecraft:gray_wool":2,"minecraft:azalea":1},"minecraft:dropped":{"minecraft:porkchop":2,"minecraft:wheat_seeds":9,"minecraft:glow_ink_sac":2,"minecraft:crafting_table":1,"minecraft:dark_oak_sapling":3,"minecraft:cobblestone":4,"minecraft:glow_berries":2,"man:cassette_1safetyinstructions":1,"minecraft:copper_ingot":1,"minecraft:grass_block":1,"minecraft:dirt":1,"minecraft:jungle_button":1,"minecraft:mutton":2,"minecraft:string":1,"minecraft:fermented_spider_eye":1,"minecraft:bone":3,"minecraft:moss_carpet":11,"minecraft:raw_copper":1,"minecraft:raw_iron":18,"minecraft:rotten_flesh":13,"minecraft:clay_ball":40,"improvableskills:skills_book":1,"minecraft:cooked_mutton":6,"biomesoplenty:glowing_moss_block":1,"minecraft:filled_map":1,"minecraft:big_dripleaf":3,"minecraft:hay_block":34,"minecraft:shield":2,"minecraft:gunpowder":2,"minecraft:iron_chestplate":1,"minecraft:oak_sapling":7,"minecraft:azalea":1,"minecraft:spider_eye":2,"minecraft:bow":1,"minecraft:beef":12,"minecraft:wooden_pickaxe":1,"minecraft:written_book":2},"minecraft:broken":{"minecraft:stone_pickaxe":1,"minecraft:shield":1,"minecraft:iron_axe":3}},"DataVersion":3120}