{"stats":{"minecraft:mined":{"minecraft:white_bed":2,"minecraft:dark_oak_leaves":1,"minecraft:crafting_table":3,"immersive_weathering:birch_leaf_pile":14,"biomesoplenty:bush":2,"minecraft:grass_block":1,"immersive_weathering:biomesoplenty/magic_leaf_pile":6,"minecraft:tall_grass":1,"minecraft:cobblestone":22,"minecraft:deepslate_coal_ore":1,"minecraft:birch_slab":6,"biomesoplenty:huge_clover_petal":4,"minecraft:oak_planks":3,"minecraft:wall_torch":2,"minecraft:diorite":1,"minecraft:sandstone":3,"minecraft:hay_block":54,"minecraft:birch_planks":26,"biomesoplenty:magic_leaves":10,"minecraft:furnace":1,"minecraft:birch_log":21,"minecraft:iron_ore":25,"minecraft:lilac":1,"minecraft:birch_leaves":7,"minecraft:birch_door":7,"biomesoplenty:magic_log":6,"minecraft:grass":9,"biomesoplenty:clover":1,"minecraft:oak_log":8,"minecraft:coal_ore":19,"minecraft:sand":32,"minecraft:dirt":3,"biomesoplenty:stringy_cobweb":1,"minecraft:stone":72,"minecraft:white_wool":3,"minecraft:oak_leaves":7,"immersive_weathering:oak_leaf_pile":6},"minecraft:killed_by":{"arphex:hornet_harbinger":2,"old_goatman:old_goatman":1,"the_rake:the_rake":1,"arphex:spider_snatcher":1},"minecraft:broken":{"minecraft:stone_pickaxe":1},"minecraft:used":{"minecraft:wheat_seeds":7,"minecraft:diorite":2,"minecraft:birch_planks":38,"minecraft:stone_pickaxe":133,"minecraft:poppy":2,"minecraft:oak_planks":3,"minecraft:wooden_pickaxe":14,"minecraft:sandstone":2,"minecraft:white_wool":3,"minecraft:torch":112,"minecraft:dirt":1,"minecraft:sand":25,"minecraft:crafting_table":4,"minecraft:white_bed":3,"biomesoplenty:magic_sapling":1,"minecraft:birch_door":8,"minecraft:birch_slab":24,"minecraft:iron_pickaxe":1,"minecraft:iron_axe":109,"minecraft:birch_sapling":1,"minecraft:iron_helmet":1,"minecraft:lilac":1,"minecraft:stone_axe":14,"minecraft:cobblestone":54,"minecraft:hay_block":10,"minecraft:oak_sapling":1,"minecraft:written_book":2,"minecraft:furnace":1,"minecraft:birch_log":1,"minecraft:egg":3,"minecraft:cooked_beef":5,"minecraft:gray_wool":2},"minecraft:crafted":{"minecraft:cooked_beef":8,"minecraft:oak_planks":32,"minecraft:cooked_porkchop":15,"minecraft:crafting_table":1,"minecraft:wooden_pickaxe":1,"minecraft:iron_helmet":1,"minecraft:birch_slab":18,"minecraft:furnace":1,"minecraft:birch_planks":52,"minecraft:stone_axe":1,"minecraft:cooked_mutton":8,"minecraft:air":0,"minecraft:iron_boots":1,"minecraft:shield":2,"minecraft:iron_axe":1,"minecraft:stick":12,"minecraft:iron_ingot":9,"minecraft:iron_pickaxe":1,"minecraft:stone_pickaxe":1,"biomesoplenty:magic_planks":16,"minecraft:white_bed":2,"minecraft:birch_door":3,"minecraft:torch":8},"minecraft:dropped":{"minecraft:wheat_seeds":1,"minecraft:raw_copper":1,"minecraft:dark_oak_sapling":3,"minecraft:raw_iron":18,"minecraft:cobblestone":4,"man:cassette_1safetyinstructions":1,"minecraft:shield":1,"minecraft:gunpowder":2,"minecraft:string":1},"minecraft:killed":{"minecraft:pig":9,"minecraft:iron_golem":2,"minecraft:creeper":1,"minecraft:sheep":11,"minecraft:zombie":3,"old_goatman:old_goatman":1,"arphex:hornet_harbinger":1,"arphex:blood_worm":1,"arphex:ant_arsonist":3,"arphex:spider_larvae":1,"arphex:butterfly_bewitcher":1,"minecraft:cow":5},"minecraft:custom":{"minecraft:interact_with_furnace":33,"minecraft:mob_kills":37,"minecraft:interact_with_crafting_table":31,"minecraft:time_since_death":62658,"minecraft:sleep_in_bed":6,"minecraft:climb_one_cm":1551,"minecraft:time_since_rest":5539,"minecraft:sprint_one_cm":165471,"minecraft:damage_taken":2094,"minecraft:walk_one_cm":361934,"minecraft:drop":15,"minecraft:damage_dealt":6070,"minecraft:swim_one_cm":124922,"minecraft:talked_to_villager":63,"minecraft:fly_one_cm":227244,"minecraft:open_chest":1,"minecraft:crouch_one_cm":20471,"minecraft:play_time":137326,"minecraft:deaths":7,"minecraft:sneak_time":9796,"minecraft:walk_under_water_one_cm":71056,"minecraft:jump":1654,"minecraft:walk_on_water_one_cm":15362,"minecraft:total_world_time":137326,"minecraft:fall_one_cm":49081},"minecraft:picked_up":{"minecraft:birch_log":19,"minecraft:charcoal":2,"minecraft:birch_door":10,"minecraft:crafting_table":4,"minecraft:lilac":1,"minecraft:birch_slab":6,"minecraft:leather":7,"minecraft:birch_planks":59,"minecraft:oak_log":8,"minecraft:gunpowder":3,"minecraft:dirt":2,"minecraft:string":5,"man:cassette_1safetyinstructions":2,"minecraft:raw_copper":5,"minecraft:iron_axe":3,"minecraft:cooked_mutton":3,"minecraft:wheat_seeds":9,"minecraft:beef":10,"minecraft:stone_pickaxe":5,"arphex:burning_glands":40,"minecraft:iron_ingot":11,"biomesoplenty:magic_log":4,"minecraft:written_book":1,"minecraft:poppy":2,"minecraft:birch_sapling":3,"minecraft:oak_planks":3,"minecraft:furnace":1,"minecraft:egg":3,"biomesoplenty:magic_sapling":1,"minecraft:dark_oak_sapling":3,"minecraft:stick":8,"minecraft:raw_iron":44,"minecraft:sandstone":3,"minecraft:torch":126,"minecraft:porkchop":12,"minecraft:sand":33,"minecraft:diorite":4,"minecraft:white_bed":1,"arphex:fly_appendage":1,"minecraft:stone_axe":5,"minecraft:hay_block":53,"minecraft:iron_helmet":3,"minecraft:gray_wool":2,"minecraft:oak_sapling":2,"minecraft:mutton":17,"minecraft:coal":58,"minecraft:white_wool":12,"minecraft:cobblestone":171}},"DataVersion":3120}