{"stats":{"minecraft:mined":{"minecraft:white_bed":3,"minecraft:dark_oak_leaves":1,"minecraft:deepslate_diamond_ore":3,"immersive_weathering:birch_leaf_pile":14,"biomesoplenty:bush":2,"minecraft:grass_block":2,"minecraft:birch_slab":6,"minecraft:spruce_leaves":6,"minecraft:sandstone":3,"minecraft:hay_block":57,"minecraft:furnace":1,"minecraft:iron_ore":33,"biomesoplenty:magic_log":6,"biomesoplenty:glowshroom_block":2,"biomesoplenty:pink_cherry_leaves":3,"minecraft:cave_vines":1,"minecraft:deepslate_iron_ore":3,"immersive_weathering:ivy":1,"minecraft:stone":72,"minecraft:white_wool":3,"immersive_weathering:oak_leaf_pile":6,"minecraft:crafting_table":4,"minecraft:cobblestone":22,"minecraft:tall_grass":1,"immersive_weathering:biomesoplenty/magic_leaf_pile":6,"minecraft:deepslate_coal_ore":1,"biomesoplenty:huge_clover_petal":4,"minecraft:oak_planks":3,"minecraft:diorite":1,"minecraft:wall_torch":2,"minecraft:birch_planks":26,"biomesoplenty:magic_leaves":10,"minecraft:birch_log":21,"minecraft:lilac":1,"minecraft:birch_leaves":7,"minecraft:birch_door":7,"minecraft:grass":13,"biomesoplenty:clover":1,"minecraft:coal_ore":34,"minecraft:oak_log":9,"minecraft:sand":32,"minecraft:dirt":3,"biomesoplenty:stringy_cobweb":1,"minecraft:oak_leaves":7},"minecraft:broken":{"minecraft:stone_pickaxe":1},"minecraft:killed_by":{"arphex:hornet_harbinger":2,"old_goatman:old_goatman":1,"the_rake:the_rake":1,"arphex:spider_snatcher":1},"minecraft:used":{"minecraft:poppy":2,"minecraft:shield":30,"minecraft:torch":112,"minecraft:dirt":1,"minecraft:birch_door":8,"minecraft:iron_axe":140,"minecraft:birch_sapling":1,"minecraft:iron_helmet":1,"minecraft:hay_block":12,"minecraft:written_book":2,"minecraft:furnace":1,"minecraft:oak_sapling":1,"minecraft:egg":3,"minecraft:cooked_beef":8,"minecraft:wheat_seeds":7,"minecraft:cooked_mutton":7,"minecraft:diorite":2,"minecraft:birch_planks":38,"minecraft:stone_pickaxe":133,"minecraft:oak_planks":3,"minecraft:wooden_pickaxe":14,"minecraft:sandstone":2,"minecraft:white_wool":3,"minecraft:glow_berries":1,"minecraft:sand":25,"minecraft:crafting_table":5,"minecraft:white_bed":4,"biomesoplenty:magic_sapling":1,"minecraft:birch_slab":24,"minecraft:iron_pickaxe":30,"minecraft:lilac":1,"minecraft:stone_axe":14,"minecraft:cobblestone":65,"minecraft:birch_log":1,"minecraft:gray_wool":2},"minecraft:crafted":{"minecraft:oak_planks":36,"minecraft:birch_slab":18,"minecraft:furnace":1,"minecraft:cooked_mutton":8,"minecraft:iron_boots":1,"minecraft:iron_axe":1,"minecraft:stone_pickaxe":1,"biomesoplenty:magic_planks":16,"minecraft:birch_door":3,"minecraft:cooked_beef":8,"minecraft:cooked_porkchop":15,"minecraft:crafting_table":1,"minecraft:wooden_pickaxe":1,"minecraft:iron_helmet":1,"minecraft:birch_planks":52,"minecraft:stone_axe":1,"minecraft:air":0,"minecraft:shield":2,"minecraft:stick":12,"minecraft:iron_ingot":9,"minecraft:iron_pickaxe":1,"minecraft:white_bed":3,"minecraft:torch":8},"minecraft:dropped":{"minecraft:wheat_seeds":2,"minecraft:dark_oak_sapling":3,"minecraft:cobblestone":4,"man:cassette_1safetyinstructions":1,"minecraft:string":1,"minecraft:moss_carpet":6,"minecraft:raw_copper":1,"minecraft:raw_iron":18,"minecraft:rotten_flesh":2,"minecraft:shield":1,"minecraft:gunpowder":2},"minecraft:killed":{"arphex:hornet_harbinger":1,"arphex:blood_worm":1,"arphex:ant_arsonist":3,"arphex:butterfly_bewitcher":1,"minecraft:pig":9,"minecraft:iron_golem":2,"minecraft:creeper":1,"arphex:centipede_evictor_larvae":1,"minecraft:sheep":13,"minecraft:zombie":5,"old_goatman:old_goatman":3,"arphex:spider_larvae":1,"minecraft:cow":7},"minecraft:custom":{"minecraft:mob_kills":47,"minecraft:interact_with_crafting_table":33,"minecraft:time_since_death":86658,"minecraft:climb_one_cm":2267,"minecraft:sprint_one_cm":216763,"minecraft:walk_one_cm":443697,"minecraft:damage_blocked_by_shield":1160,"minecraft:drop":18,"minecraft:talked_to_villager":63,"minecraft:play_time":161326,"minecraft:deaths":7,"minecraft:sneak_time":10388,"minecraft:walk_under_water_one_cm":74695,"minecraft:jump":2286,"minecraft:walk_on_water_one_cm":24051,"minecraft:total_world_time":161326,"minecraft:interact_with_furnace":33,"minecraft:sleep_in_bed":7,"minecraft:time_since_rest":15598,"minecraft:damage_taken":2837,"minecraft:damage_dealt":7977,"minecraft:swim_one_cm":138247,"minecraft:fly_one_cm":314876,"minecraft:open_chest":1,"minecraft:crouch_one_cm":22828,"minecraft:fall_one_cm":73061},"minecraft:picked_up":{"minecraft:charcoal":2,"minecraft:crafting_table":5,"minecraft:birch_door":10,"minecraft:string":5,"minecraft:moss_carpet":8,"minecraft:raw_copper":5,"minecraft:iron_axe":3,"minecraft:beef":16,"minecraft:written_book":1,"minecraft:poppy":2,"minecraft:birch_sapling":3,"minecraft:egg":3,"minecraft:furnace":1,"minecraft:dark_oak_sapling":3,"minecraft:stick":8,"minecraft:raw_iron":55,"minecraft:sandstone":3,"minecraft:big_dripleaf":1,"minecraft:torch":126,"minecraft:porkchop":12,"minecraft:diorite":4,"artifacts:everlasting_beef":1,"minecraft:rotten_flesh":2,"minecraft:hay_block":56,"minecraft:glow_berries":1,"minecraft:mutton":19,"minecraft:white_wool":14,"minecraft:cobblestone":171,"minecraft:birch_log":19,"minecraft:lilac":1,"minecraft:birch_slab":6,"minecraft:leather":8,"minecraft:birch_planks":59,"minecraft:oak_log":9,"minecraft:gunpowder":3,"minecraft:dirt":3,"man:cassette_1safetyinstructions":2,"minecraft:cooked_mutton":3,"minecraft:wheat_seeds":12,"minecraft:iron_ingot":11,"arphex:burning_glands":40,"minecraft:stone_pickaxe":5,"biomesoplenty:magic_log":4,"minecraft:oak_planks":3,"biomesoplenty:magic_sapling":1,"minecraft:sand":33,"minecraft:white_bed":2,"arphex:fly_appendage":1,"minecraft:diamond":3,"minecraft:stone_axe":5,"minecraft:iron_helmet":3,"minecraft:gray_wool":2,"minecraft:oak_sapling":2,"minecraft:coal":73}},"DataVersion":3120}