{"stats":{"minecraft:crafted":{"minecraft:oak_planks":24,"minecraft:iron_helmet":1,"minecraft:wooden_pickaxe":1,"minecraft:birch_slab":18,"minecraft:furnace":1,"minecraft:birch_planks":52,"minecraft:stone_axe":1,"minecraft:air":0,"minecraft:iron_axe":1,"minecraft:stick":8,"minecraft:iron_ingot":9,"minecraft:stone_pickaxe":1,"minecraft:birch_door":3,"minecraft:torch":8},"minecraft:custom":{"minecraft:interact_with_furnace":8,"minecraft:mob_kills":7,"minecraft:interact_with_crafting_table":17,"minecraft:time_since_death":9278,"minecraft:time_since_rest":9307,"minecraft:sprint_one_cm":56422,"minecraft:damage_taken":1795,"minecraft:walk_one_cm":185767,"minecraft:drop":9,"minecraft:damage_dealt":1423,"minecraft:swim_one_cm":114541,"minecraft:talked_to_villager":1,"minecraft:fly_one_cm":67029,"minecraft:crouch_one_cm":13622,"minecraft:play_time":83946,"minecraft:deaths":7,"minecraft:sneak_time":6169,"minecraft:walk_under_water_one_cm":67181,"minecraft:jump":594,"minecraft:walk_on_water_one_cm":12893,"minecraft:total_world_time":83946,"minecraft:fall_one_cm":19974},"minecraft:picked_up":{"minecraft:birch_log":19,"minecraft:crafting_table":2,"minecraft:birch_door":9,"minecraft:birch_slab":6,"minecraft:birch_planks":59,"minecraft:oak_log":6,"minecraft:gunpowder":2,"minecraft:dirt":2,"minecraft:string":5,"minecraft:iron_axe":3,"minecraft:raw_copper":5,"man:cassette_1safetyinstructions":2,"minecraft:wheat_seeds":1,"minecraft:iron_ingot":3,"arphex:burning_glands":40,"minecraft:stone_pickaxe":5,"minecraft:birch_sapling":3,"minecraft:dark_oak_sapling":3,"minecraft:stick":8,"minecraft:raw_iron":44,"minecraft:sandstone":3,"minecraft:torch":124,"minecraft:sand":33,"minecraft:diorite":4,"minecraft:stone_axe":5,"minecraft:iron_helmet":3,"minecraft:oak_sapling":1,"minecraft:coal":38,"minecraft:cobblestone":149},"minecraft:mined":{"minecraft:dark_oak_leaves":1,"minecraft:crafting_table":1,"immersive_weathering:birch_leaf_pile":14,"minecraft:grass_block":1,"minecraft:cobblestone":3,"minecraft:deepslate_coal_ore":1,"minecraft:birch_slab":6,"minecraft:diorite":1,"minecraft:sandstone":3,"minecraft:birch_planks":18,"minecraft:birch_log":21,"minecraft:iron_ore":25,"minecraft:birch_leaves":7,"minecraft:birch_door":6,"minecraft:grass":1,"minecraft:coal_ore":17,"minecraft:oak_log":6,"minecraft:sand":32,"minecraft:dirt":1,"minecraft:stone":69,"minecraft:oak_leaves":3,"immersive_weathering:oak_leaf_pile":6},"minecraft:used":{"minecraft:diorite":2,"minecraft:birch_planks":38,"minecraft:stone_pickaxe":107,"minecraft:wooden_pickaxe":14,"minecraft:sandstone":2,"minecraft:torch":110,"minecraft:dirt":1,"minecraft:sand":25,"minecraft:crafting_table":2,"minecraft:birch_door":7,"minecraft:birch_slab":24,"minecraft:iron_axe":13,"minecraft:birch_sapling":1,"minecraft:iron_helmet":1,"minecraft:stone_axe":14,"minecraft:cobblestone":34,"minecraft:furnace":1,"minecraft:birch_log":1},"minecraft:killed":{"minecraft:creeper":1,"minecraft:zombie":2,"arphex:hornet_harbinger":1,"arphex:blood_worm":1,"arphex:ant_arsonist":3,"arphex:spider_larvae":1},"minecraft:killed_by":{"arphex:hornet_harbinger":2,"old_goatman:old_goatman":1,"the_rake:the_rake":1,"arphex:spider_snatcher":1},"minecraft:dropped":{"minecraft:dark_oak_sapling":3,"minecraft:raw_iron":18,"minecraft:cobblestone":4,"man:cassette_1safetyinstructions":1}},"DataVersion":3120}