{"stats":{"minecraft:mined":{"minecraft:dark_oak_leaves":1,"minecraft:crafting_table":1,"immersive_weathering:birch_leaf_pile":14,"minecraft:grass_block":1,"minecraft:tall_grass":1,"minecraft:cobblestone":3,"minecraft:deepslate_coal_ore":1,"minecraft:birch_slab":6,"minecraft:diorite":1,"minecraft:sandstone":3,"minecraft:birch_planks":18,"minecraft:birch_log":21,"minecraft:iron_ore":25,"minecraft:birch_leaves":7,"minecraft:birch_door":6,"minecraft:grass":1,"minecraft:oak_log":6,"minecraft:coal_ore":19,"minecraft:sand":32,"minecraft:dirt":1,"minecraft:stone":69,"minecraft:oak_leaves":3,"immersive_weathering:oak_leaf_pile":6},"minecraft:killed_by":{"arphex:hornet_harbinger":2,"old_goatman:old_goatman":1,"the_rake:the_rake":1,"arphex:spider_snatcher":1},"minecraft:crafted":{"minecraft:oak_planks":24,"minecraft:wooden_pickaxe":1,"minecraft:iron_helmet":1,"minecraft:birch_slab":18,"minecraft:furnace":1,"minecraft:birch_planks":52,"minecraft:stone_axe":1,"minecraft:air":0,"minecraft:iron_axe":1,"minecraft:stick":8,"minecraft:iron_ingot":9,"minecraft:stone_pickaxe":1,"minecraft:birch_door":3,"minecraft:torch":8},"minecraft:used":{"minecraft:diorite":2,"minecraft:birch_planks":38,"minecraft:stone_pickaxe":110,"minecraft:wooden_pickaxe":14,"minecraft:sandstone":2,"minecraft:torch":110,"minecraft:dirt":1,"minecraft:sand":25,"minecraft:crafting_table":2,"minecraft:birch_door":7,"minecraft:birch_slab":24,"minecraft:iron_axe":18,"minecraft:birch_sapling":1,"minecraft:iron_helmet":1,"minecraft:stone_axe":14,"minecraft:cobblestone":34,"minecraft:furnace":1,"minecraft:birch_log":1},"minecraft:dropped":{"minecraft:raw_copper":1,"minecraft:dark_oak_sapling":3,"minecraft:raw_iron":18,"minecraft:cobblestone":4,"man:cassette_1safetyinstructions":1},"minecraft:killed":{"minecraft:creeper":1,"minecraft:zombie":3,"arphex:hornet_harbinger":1,"arphex:blood_worm":1,"arphex:ant_arsonist":3,"arphex:spider_larvae":1,"arphex:butterfly_bewitcher":1},"minecraft:custom":{"minecraft:interact_with_furnace":8,"minecraft:mob_kills":9,"minecraft:interact_with_crafting_table":17,"minecraft:time_since_death":14658,"minecraft:time_since_rest":14687,"minecraft:sprint_one_cm":68577,"minecraft:damage_taken":1815,"minecraft:walk_one_cm":210903,"minecraft:drop":10,"minecraft:damage_dealt":1723,"minecraft:swim_one_cm":114541,"minecraft:talked_to_villager":2,"minecraft:fly_one_cm":78255,"minecraft:crouch_one_cm":14718,"minecraft:play_time":89326,"minecraft:deaths":7,"minecraft:sneak_time":6461,"minecraft:walk_under_water_one_cm":67944,"minecraft:jump":660,"minecraft:walk_on_water_one_cm":13877,"minecraft:total_world_time":89326,"minecraft:fall_one_cm":20587},"minecraft:picked_up":{"minecraft:birch_log":19,"minecraft:birch_door":9,"minecraft:crafting_table":2,"minecraft:birch_slab":6,"minecraft:birch_planks":59,"minecraft:oak_log":6,"minecraft:gunpowder":2,"minecraft:dirt":2,"minecraft:string":5,"man:cassette_1safetyinstructions":2,"minecraft:raw_copper":5,"minecraft:iron_axe":3,"minecraft:wheat_seeds":1,"minecraft:stone_pickaxe":5,"arphex:burning_glands":40,"minecraft:iron_ingot":3,"minecraft:birch_sapling":3,"minecraft:dark_oak_sapling":3,"minecraft:stick":8,"minecraft:raw_iron":44,"minecraft:sandstone":3,"minecraft:torch":124,"minecraft:sand":33,"minecraft:diorite":4,"arphex:fly_appendage":1,"minecraft:stone_axe":5,"minecraft:iron_helmet":3,"minecraft:oak_sapling":1,"minecraft:coal":40,"minecraft:cobblestone":149}},"DataVersion":3120}