{"stats":{"minecraft:mined":{"minecraft:white_bed":1,"minecraft:dark_oak_leaves":1,"minecraft:crafting_table":2,"immersive_weathering:birch_leaf_pile":14,"biomesoplenty:bush":2,"minecraft:grass_block":1,"immersive_weathering:biomesoplenty/magic_leaf_pile":6,"minecraft:tall_grass":1,"minecraft:cobblestone":20,"minecraft:deepslate_coal_ore":1,"minecraft:birch_slab":6,"biomesoplenty:huge_clover_petal":4,"minecraft:oak_planks":2,"minecraft:diorite":1,"minecraft:sandstone":3,"minecraft:hay_block":26,"minecraft:birch_planks":18,"biomesoplenty:magic_leaves":10,"minecraft:birch_log":21,"minecraft:iron_ore":25,"minecraft:lilac":1,"minecraft:birch_leaves":7,"minecraft:birch_door":7,"biomesoplenty:magic_log":6,"minecraft:grass":7,"biomesoplenty:clover":1,"minecraft:oak_log":8,"minecraft:coal_ore":19,"minecraft:sand":32,"minecraft:dirt":3,"biomesoplenty:stringy_cobweb":1,"minecraft:stone":69,"minecraft:oak_leaves":7,"immersive_weathering:oak_leaf_pile":6},"minecraft:killed_by":{"arphex:hornet_harbinger":2,"old_goatman:old_goatman":1,"the_rake:the_rake":1,"arphex:spider_snatcher":1},"minecraft:used":{"minecraft:diorite":2,"minecraft:birch_planks":38,"minecraft:stone_pickaxe":127,"minecraft:oak_planks":2,"minecraft:wooden_pickaxe":14,"minecraft:sandstone":2,"minecraft:torch":110,"minecraft:dirt":1,"minecraft:sand":25,"minecraft:crafting_table":3,"minecraft:white_bed":2,"minecraft:birch_door":8,"minecraft:birch_slab":24,"minecraft:iron_axe":68,"minecraft:birch_sapling":1,"minecraft:iron_helmet":1,"minecraft:lilac":1,"minecraft:stone_axe":14,"minecraft:cobblestone":54,"minecraft:written_book":2,"minecraft:furnace":1,"minecraft:birch_log":1,"minecraft:cooked_beef":4,"minecraft:gray_wool":2},"minecraft:crafted":{"minecraft:cooked_beef":8,"minecraft:oak_planks":32,"minecraft:cooked_porkchop":7,"minecraft:crafting_table":1,"minecraft:wooden_pickaxe":1,"minecraft:iron_helmet":1,"minecraft:birch_slab":18,"minecraft:furnace":1,"minecraft:birch_planks":52,"minecraft:stone_axe":1,"minecraft:cooked_mutton":8,"minecraft:air":0,"minecraft:iron_axe":1,"minecraft:stick":8,"minecraft:iron_ingot":9,"minecraft:stone_pickaxe":1,"minecraft:white_bed":2,"minecraft:birch_door":3,"minecraft:torch":8},"minecraft:dropped":{"minecraft:raw_copper":1,"minecraft:dark_oak_sapling":3,"minecraft:raw_iron":18,"minecraft:cobblestone":4,"man:cassette_1safetyinstructions":1},"minecraft:killed":{"minecraft:pig":8,"minecraft:creeper":1,"minecraft:sheep":11,"minecraft:zombie":3,"arphex:hornet_harbinger":1,"arphex:blood_worm":1,"arphex:ant_arsonist":3,"arphex:spider_larvae":1,"arphex:butterfly_bewitcher":1,"minecraft:cow":5},"minecraft:custom":{"minecraft:interact_with_furnace":21,"minecraft:mob_kills":33,"minecraft:interact_with_crafting_table":22,"minecraft:time_since_death":38658,"minecraft:sleep_in_bed":1,"minecraft:time_since_rest":13591,"minecraft:sprint_one_cm":130618,"minecraft:damage_taken":1975,"minecraft:walk_one_cm":294692,"minecraft:drop":10,"minecraft:damage_dealt":3893,"minecraft:swim_one_cm":124922,"minecraft:talked_to_villager":2,"minecraft:fly_one_cm":185745,"minecraft:open_chest":1,"minecraft:crouch_one_cm":16128,"minecraft:play_time":113326,"minecraft:deaths":7,"minecraft:sneak_time":7453,"minecraft:walk_under_water_one_cm":71056,"minecraft:jump":1380,"minecraft:walk_on_water_one_cm":15362,"minecraft:total_world_time":113326,"minecraft:fall_one_cm":42016},"minecraft:picked_up":{"minecraft:birch_log":19,"minecraft:charcoal":2,"minecraft:birch_door":10,"minecraft:crafting_table":3,"minecraft:lilac":1,"minecraft:birch_slab":6,"minecraft:leather":7,"minecraft:birch_planks":59,"minecraft:oak_log":8,"minecraft:gunpowder":2,"minecraft:dirt":2,"minecraft:string":5,"man:cassette_1safetyinstructions":2,"minecraft:raw_copper":5,"minecraft:iron_axe":3,"minecraft:wheat_seeds":8,"minecraft:beef":10,"minecraft:stone_pickaxe":5,"arphex:burning_glands":40,"minecraft:iron_ingot":3,"biomesoplenty:magic_log":4,"minecraft:written_book":1,"minecraft:birch_sapling":3,"minecraft:oak_planks":2,"biomesoplenty:magic_sapling":1,"minecraft:dark_oak_sapling":3,"minecraft:stick":8,"minecraft:raw_iron":44,"minecraft:sandstone":3,"minecraft:torch":124,"minecraft:porkchop":10,"minecraft:sand":33,"minecraft:diorite":4,"minecraft:white_bed":1,"arphex:fly_appendage":1,"minecraft:stone_axe":5,"minecraft:hay_block":25,"minecraft:iron_helmet":3,"minecraft:gray_wool":2,"minecraft:oak_sapling":2,"minecraft:mutton":17,"minecraft:coal":40,"minecraft:white_wool":9,"minecraft:cobblestone":166}},"DataVersion":3120}