{"stats":{"minecraft:crafted":{"minecraft:jungle_button":1,"artifacts:eternal_steak":1,"minecraft:oak_door":3,"minecraft:oak_planks":76,"biomesoplenty:mahogany_planks":4,"minecraft:birch_slab":18,"minecraft:furnace":2,"minecraft:cooked_mutton":25,"minecraft:iron_boots":1,"minecraft:iron_axe":3,"minecraft:stone_pickaxe":1,"minecraft:chest":1,"biomesoplenty:magic_planks":16,"minecraft:birch_door":3,"minecraft:cooked_beef":8,"minecraft:cooked_porkchop":19,"minecraft:crafting_table":4,"minecraft:jungle_boat":1,"minecraft:wooden_pickaxe":1,"minecraft:iron_helmet":1,"minecraft:birch_planks":52,"minecraft:stone_axe":1,"minecraft:air":0,"minecraft:jungle_planks":28,"minecraft:iron_chestplate":2,"minecraft:paper":15,"minecraft:shield":4,"minecraft:stick":16,"minecraft:iron_ingot":25,"minecraft:iron_pickaxe":1,"minecraft:iron_shovel":1,"minecraft:gold_ingot":2,"minecraft:white_bed":3,"minecraft:torch":8},"minecraft:picked_up":{"minecraft:charcoal":2,"minecraft:crafting_table":10,"minecraft:birch_door":16,"minecraft:clay_ball":335,"minecraft:wooden_pickaxe":1,"minecraft:gold_block":1,"minecraft:shield":2,"minecraft:string":16,"minecraft:moss_carpet":12,"minecraft:raw_copper":5,"minecraft:iron_axe":10,"minecraft:beef":26,"minecraft:written_book":4,"minecraft:jungle_sapling":2,"minecraft:azalea":3,"minecraft:poppy":3,"minecraft:iron_pickaxe":6,"minecraft:sugar_cane":16,"minecraft:birch_sapling":3,"minecraft:furnace":7,"minecraft:iron_boots":6,"minecraft:egg":3,"minecraft:dark_oak_sapling":3,"minecraft:stick":9,"minecraft:raw_iron":99,"minecraft:sandstone":4,"minecraft:oak_door":2,"minecraft:big_dripleaf":20,"minecraft:torch":126,"minecraft:porkchop":16,"minecraft:diorite":4,"artifacts:everlasting_beef":1,"minecraft:arrow":9,"minecraft:rotten_flesh":50,"minecraft:peony":5,"minecraft:hay_block":400,"minecraft:glow_berries":11,"minecraft:mutton":42,"minecraft:white_wool":41,"minecraft:cobblestone":257,"minecraft:birch_log":19,"minecraft:magma_block":6,"minecraft:jungle_boat":6,"minecraft:lilac":1,"artifacts:eternal_steak":7,"minecraft:jungle_log":17,"minecraft:glow_ink_sac":10,"minecraft:birch_slab":6,"immersive_weathering:spruce_bark":1,"minecraft:leather":45,"biomesoplenty:glowshroom":2,"minecraft:birch_planks":59,"minecraft:oak_log":88,"minecraft:gunpowder":3,"minecraft:dirt":7,"man:cassette_1safetyinstructions":2,"minecraft:cooked_mutton":6,"minecraft:bone":12,"minecraft:apple":2,"minecraft:bow":5,"minecraft:wheat_seeds":17,"minecraft:raw_gold":18,"minecraft:iron_ingot":40,"minecraft:stone_pickaxe":5,"biomesoplenty:magic_log":4,"minecraft:moss_block":1,"minecraft:oak_planks":9,"minecraft:flowering_azalea":1,"biomesoplenty:mahogany_planks":11,"biomesoplenty:magic_sapling":1,"minecraft:cooked_porkchop":45,"minecraft:sand":80,"minecraft:jungle_planks":2,"minecraft:white_bed":11,"minecraft:grass_block":1,"minecraft:fermented_spider_eye":1,"biomesoplenty:glowing_moss_block":1,"minecraft:spider_eye":2,"biomesoplenty:mahogany_log":1,"improvableskills:skills_book":1,"minecraft:diamond":15,"minecraft:stone_axe":10,"biomesoplenty:magic_planks":44,"minecraft:iron_helmet":10,"minecraft:gray_wool":2,"minecraft:oak_sapling":9,"minecraft:coal":393,"minecraft:ender_pearl":4},"minecraft:killed":{"minecraft:spider":3,"minecraft:skeleton":5,"minecraft:horse":3,"minecraft:drowned":4,"minecraft:pig":11,"minecraft:iron_golem":5,"minecraft:creeper":1,"minecraft:sheep":24,"minecraft:zombie":16,"old_goatman:old_goatman":3,"minecraft:enderman":1,"minecraft:cow":10},"minecraft:killed_by":{"old_goatman:old_goatman":2,"the_rake:the_rake":1,"minecraft:drowned":2,"minecraft:skeleton":3},"minecraft:custom":{"minecraft:mob_kills":102,"minecraft:interact_with_crafting_table":54,"minecraft:damage_dealt_resisted":16,"minecraft:leave_game":8,"minecraft:time_since_death":65380,"minecraft:climb_one_cm":4038,"minecraft:sprint_one_cm":407509,"minecraft:walk_one_cm":760618,"minecraft:damage_blocked_by_shield":3993,"minecraft:drop":61,"minecraft:talked_to_villager":68,"minecraft:play_time":316679,"minecraft:sneak_time":19692,"minecraft:deaths":16,"minecraft:walk_under_water_one_cm":145174,"minecraft:boat_one_cm":265445,"minecraft:jump":5912,"minecraft:walk_on_water_one_cm":70059,"minecraft:total_world_time":316679,"minecraft:interact_with_furnace":57,"minecraft:sleep_in_bed":18,"minecraft:time_since_rest":19050,"minecraft:damage_taken":8405,"minecraft:damage_dealt":19496,"minecraft:swim_one_cm":486834,"minecraft:fly_one_cm":625493,"minecraft:open_chest":30,"minecraft:crouch_one_cm":41695,"minecraft:fall_one_cm":140804},"minecraft:mined":{"biomesoplenty:glowing_moss_block":1,"biomesoplenty:glowshroom":1,"minecraft:white_bed":6,"minecraft:dark_oak_leaves":1,"minecraft:deepslate_diamond_ore":3,"minecraft:oak_door":2,"minecraft:jungle_leaves":1,"immersive_weathering:birch_leaf_pile":14,"biomesoplenty:bush":4,"minecraft:grass_block":3,"minecraft:jungle_log":9,"minecraft:birch_slab":6,"minecraft:spruce_leaves":6,"minecraft:moss_block":1,"minecraft:sandstone":4,"minecraft:hay_block":110,"minecraft:magma_block":6,"minecraft:furnace":3,"minecraft:iron_ore":49,"minecraft:moss_carpet":1,"minecraft:peony":2,"minecraft:gold_block":1,"biomesoplenty:magic_log":6,"biomesoplenty:glowshroom_block":2,"biomesoplenty:pink_cherry_leaves":3,"minecraft:vine":5,"minecraft:cave_vines":1,"minecraft:deepslate_iron_ore":6,"immersive_weathering:ivy":1,"minecraft:stone":105,"minecraft:white_wool":5,"immersive_weathering:oak_leaf_pile":7,"minecraft:flowering_azalea":1,"biomesoplenty:glowworm_silk":2,"minecraft:crafting_table":8,"biomesoplenty:mahogany_planks":5,"minecraft:tall_grass":5,"minecraft:cobblestone":42,"immersive_weathering:biomesoplenty/magic_leaf_pile":6,"minecraft:deepslate_coal_ore":1,"biomesoplenty:sprout":4,"minecraft:deepslate_gold_ore":3,"biomesoplenty:huge_clover_petal":4,"minecraft:oak_planks":3,"minecraft:sugar_cane":5,"minecraft:diorite":1,"minecraft:wall_torch":2,"minecraft:birch_planks":26,"biomesoplenty:magic_leaves":10,"biomesoplenty:mahogany_log":1,"minecraft:birch_log":21,"minecraft:lilac":1,"minecraft:birch_leaves":7,"minecraft:birch_door":8,"minecraft:stone_brick_stairs":1,"minecraft:grass":30,"biomesoplenty:clover":1,"minecraft:oak_log":84,"minecraft:coal_ore":97,"minecraft:dirt":6,"minecraft:sand":91,"biomesoplenty:stringy_cobweb":1,"minecraft:oak_leaves":8,"minecraft:fern":7},"minecraft:used":{"minecraft:peony":5,"minecraft:moss_block":1,"biomesoplenty:mahogany_planks":6,"minecraft:moss_carpet":1,"minecraft:iron_shovel":38,"minecraft:poppy":3,"minecraft:chest":1,"minecraft:shield":90,"biomesoplenty:glowshroom":1,"minecraft:rotten_flesh":1,"minecraft:oak_door":2,"minecraft:torch":112,"minecraft:dirt":1,"minecraft:mutton":6,"minecraft:birch_door":10,"minecraft:iron_axe":400,"minecraft:birch_sapling":1,"minecraft:iron_helmet":5,"minecraft:iron_boots":3,"minecraft:magma_block":6,"minecraft:bow":2,"minecraft:written_book":2,"minecraft:hay_block":59,"minecraft:oak_sapling":1,"minecraft:furnace":4,"minecraft:egg":3,"minecraft:cooked_beef":8,"minecraft:wheat_seeds":7,"minecraft:cooked_mutton":8,"minecraft:diorite":2,"minecraft:birch_planks":38,"minecraft:stone_pickaxe":133,"minecraft:oak_planks":3,"minecraft:wooden_pickaxe":14,"minecraft:sandstone":2,"artifacts:eternal_steak":38,"minecraft:jungle_boat":2,"minecraft:white_wool":5,"minecraft:glow_berries":2,"minecraft:sand":25,"minecraft:crafting_table":10,"minecraft:white_bed":11,"biomesoplenty:magic_sapling":1,"minecraft:birch_slab":24,"minecraft:iron_pickaxe":187,"minecraft:lilac":1,"minecraft:stone_axe":14,"minecraft:cobblestone":115,"minecraft:birch_log":1,"minecraft:gray_wool":2,"minecraft:azalea":1},"minecraft:dropped":{"minecraft:porkchop":2,"minecraft:wheat_seeds":8,"minecraft:glow_ink_sac":2,"minecraft:crafting_table":1,"minecraft:dark_oak_sapling":3,"minecraft:cobblestone":4,"minecraft:glow_berries":2,"man:cassette_1safetyinstructions":1,"minecraft:grass_block":1,"minecraft:dirt":1,"minecraft:jungle_button":1,"minecraft:mutton":2,"minecraft:string":1,"minecraft:fermented_spider_eye":1,"minecraft:bone":3,"minecraft:moss_carpet":11,"minecraft:raw_copper":1,"minecraft:raw_iron":18,"minecraft:rotten_flesh":13,"minecraft:clay_ball":40,"minecraft:cooked_mutton":6,"biomesoplenty:glowing_moss_block":1,"minecraft:filled_map":1,"minecraft:big_dripleaf":3,"minecraft:hay_block":34,"minecraft:shield":2,"minecraft:gunpowder":2,"minecraft:iron_chestplate":1,"minecraft:azalea":1,"minecraft:spider_eye":2,"minecraft:bow":1,"minecraft:beef":12,"minecraft:wooden_pickaxe":1,"minecraft:written_book":2},"minecraft:broken":{"minecraft:stone_pickaxe":1,"minecraft:iron_axe":2}},"DataVersion":3120}