{"stats":{"minecraft:mined":{"biomesoplenty:glowing_moss_block":1,"biomesoplenty:glowshroom":1,"minecraft:white_bed":3,"minecraft:dark_oak_leaves":1,"minecraft:deepslate_diamond_ore":3,"immersive_weathering:birch_leaf_pile":14,"biomesoplenty:bush":2,"minecraft:grass_block":2,"minecraft:jungle_log":7,"minecraft:birch_slab":6,"minecraft:spruce_leaves":6,"minecraft:sandstone":3,"minecraft:hay_block":57,"minecraft:furnace":2,"minecraft:iron_ore":36,"minecraft:moss_carpet":1,"biomesoplenty:magic_log":6,"minecraft:vine":5,"biomesoplenty:glowshroom_block":2,"biomesoplenty:pink_cherry_leaves":3,"minecraft:cave_vines":1,"minecraft:deepslate_iron_ore":6,"immersive_weathering:ivy":1,"minecraft:stone":88,"minecraft:white_wool":3,"immersive_weathering:oak_leaf_pile":6,"minecraft:flowering_azalea":1,"biomesoplenty:glowworm_silk":2,"minecraft:crafting_table":6,"minecraft:cobblestone":22,"minecraft:tall_grass":4,"immersive_weathering:biomesoplenty/magic_leaf_pile":6,"minecraft:deepslate_coal_ore":1,"minecraft:deepslate_gold_ore":3,"biomesoplenty:huge_clover_petal":4,"minecraft:oak_planks":3,"minecraft:diorite":1,"minecraft:wall_torch":2,"minecraft:birch_planks":26,"biomesoplenty:magic_leaves":10,"minecraft:birch_log":21,"minecraft:lilac":1,"minecraft:birch_leaves":7,"minecraft:birch_door":7,"minecraft:grass":21,"biomesoplenty:clover":1,"minecraft:coal_ore":34,"minecraft:oak_log":9,"minecraft:sand":32,"minecraft:dirt":3,"biomesoplenty:stringy_cobweb":1,"minecraft:oak_leaves":7},"minecraft:broken":{"minecraft:stone_pickaxe":1,"minecraft:iron_axe":1},"minecraft:killed_by":{"arphex:hornet_harbinger":2,"old_goatman:old_goatman":1,"the_rake:the_rake":1,"arphex:spider_snatcher":1,"arphex:spider_moth":2,"minecraft:skeleton":1},"minecraft:used":{"minecraft:azalea":1,"minecraft:poppy":2,"biomesoplenty:glowshroom":1,"minecraft:shield":41,"minecraft:torch":112,"minecraft:dirt":1,"minecraft:mutton":6,"minecraft:birch_door":8,"minecraft:iron_axe":188,"minecraft:birch_sapling":1,"minecraft:iron_helmet":2,"minecraft:iron_boots":1,"minecraft:bow":2,"minecraft:hay_block":16,"minecraft:written_book":2,"minecraft:furnace":2,"minecraft:oak_sapling":1,"minecraft:egg":3,"minecraft:cooked_beef":8,"minecraft:wheat_seeds":7,"minecraft:cooked_mutton":8,"minecraft:diorite":2,"minecraft:birch_planks":38,"minecraft:stone_pickaxe":133,"minecraft:oak_planks":3,"minecraft:wooden_pickaxe":14,"minecraft:sandstone":2,"artifacts:eternal_steak":11,"minecraft:jungle_boat":1,"minecraft:white_wool":3,"minecraft:glow_berries":2,"minecraft:sand":25,"minecraft:crafting_table":7,"minecraft:white_bed":4,"biomesoplenty:magic_sapling":1,"minecraft:birch_slab":24,"minecraft:iron_pickaxe":59,"minecraft:lilac":1,"minecraft:stone_axe":14,"minecraft:cobblestone":80,"minecraft:birch_log":1,"minecraft:gray_wool":2},"minecraft:crafted":{"minecraft:jungle_button":1,"artifacts:eternal_steak":1,"minecraft:oak_planks":36,"minecraft:birch_slab":18,"minecraft:furnace":1,"minecraft:cooked_mutton":8,"minecraft:iron_boots":1,"minecraft:iron_axe":2,"minecraft:stone_pickaxe":1,"biomesoplenty:magic_planks":16,"minecraft:birch_door":3,"minecraft:cooked_beef":8,"minecraft:cooked_porkchop":15,"minecraft:crafting_table":2,"minecraft:jungle_boat":1,"minecraft:wooden_pickaxe":1,"minecraft:iron_helmet":1,"minecraft:birch_planks":52,"minecraft:stone_axe":1,"minecraft:air":0,"minecraft:jungle_planks":12,"minecraft:iron_chestplate":1,"minecraft:shield":2,"minecraft:stick":12,"minecraft:iron_ingot":20,"minecraft:iron_pickaxe":1,"minecraft:white_bed":3,"minecraft:torch":8},"minecraft:dropped":{"minecraft:porkchop":2,"minecraft:wheat_seeds":4,"minecraft:glow_ink_sac":2,"minecraft:crafting_table":1,"minecraft:dark_oak_sapling":3,"minecraft:cobblestone":4,"minecraft:glow_berries":1,"man:cassette_1safetyinstructions":1,"minecraft:dirt":1,"minecraft:jungle_button":1,"minecraft:mutton":2,"minecraft:fermented_spider_eye":1,"minecraft:string":1,"minecraft:bone":3,"minecraft:moss_carpet":10,"minecraft:raw_copper":1,"minecraft:raw_iron":18,"minecraft:rotten_flesh":2,"minecraft:clay_ball":40,"minecraft:cooked_mutton":6,"biomesoplenty:glowing_moss_block":1,"minecraft:big_dripleaf":3,"minecraft:shield":2,"minecraft:gunpowder":2,"minecraft:iron_chestplate":1,"minecraft:azalea":1,"minecraft:spider_eye":2,"minecraft:beef":12,"minecraft:written_book":2,"arphex:fly_appendage":2},"minecraft:killed":{"minecraft:spider":2,"minecraft:skeleton":4,"arphex:hornet_harbinger":1,"arphex:blood_worm":1,"arphex:ant_arsonist":3,"arphex:butterfly_bewitcher":1,"arphex:long_legs":1,"minecraft:pig":9,"minecraft:iron_golem":2,"minecraft:creeper":1,"arphex:centipede_evictor_larvae":1,"minecraft:sheep":13,"minecraft:zombie":12,"old_goatman:old_goatman":3,"arphex:spider_larvae":1,"minecraft:cow":7},"minecraft:custom":{"minecraft:mob_kills":62,"minecraft:interact_with_crafting_table":39,"minecraft:damage_dealt_resisted":16,"minecraft:time_since_death":13296,"minecraft:climb_one_cm":2650,"minecraft:sprint_one_cm":258220,"minecraft:walk_one_cm":539162,"minecraft:damage_blocked_by_shield":1435,"minecraft:drop":48,"minecraft:talked_to_villager":64,"minecraft:play_time":197326,"minecraft:deaths":10,"minecraft:sneak_time":12102,"minecraft:walk_under_water_one_cm":83901,"minecraft:boat_one_cm":138294,"minecraft:jump":2851,"minecraft:walk_on_water_one_cm":39926,"minecraft:total_world_time":197326,"minecraft:interact_with_furnace":42,"minecraft:sleep_in_bed":7,"minecraft:time_since_rest":13321,"minecraft:damage_taken":4836,"minecraft:damage_dealt":10575,"minecraft:swim_one_cm":144843,"minecraft:fly_one_cm":368169,"minecraft:open_chest":1,"minecraft:crouch_one_cm":27391,"minecraft:fall_one_cm":85156},"minecraft:picked_up":{"minecraft:charcoal":2,"minecraft:crafting_table":8,"minecraft:birch_door":12,"minecraft:clay_ball":207,"minecraft:shield":1,"minecraft:string":11,"minecraft:moss_carpet":10,"minecraft:raw_copper":5,"minecraft:iron_axe":6,"minecraft:beef":22,"minecraft:written_book":4,"minecraft:jungle_sapling":1,"minecraft:azalea":3,"minecraft:poppy":2,"minecraft:iron_pickaxe":2,"minecraft:birch_sapling":3,"minecraft:iron_boots":2,"minecraft:egg":3,"minecraft:furnace":4,"minecraft:dark_oak_sapling":3,"minecraft:stick":8,"minecraft:raw_iron":63,"minecraft:sandstone":3,"minecraft:big_dripleaf":12,"minecraft:torch":126,"minecraft:porkchop":12,"minecraft:diorite":4,"artifacts:everlasting_beef":1,"minecraft:arrow":8,"minecraft:rotten_flesh":18,"minecraft:hay_block":136,"minecraft:glow_berries":6,"minecraft:mutton":25,"minecraft:white_wool":20,"minecraft:cobblestone":186,"minecraft:birch_log":19,"minecraft:lilac":1,"artifacts:eternal_steak":3,"minecraft:glow_ink_sac":6,"minecraft:birch_slab":6,"minecraft:jungle_log":5,"minecraft:leather":32,"biomesoplenty:glowshroom":2,"minecraft:birch_planks":59,"minecraft:oak_log":9,"minecraft:gunpowder":3,"minecraft:dirt":3,"man:cassette_1safetyinstructions":2,"minecraft:cooked_mutton":6,"minecraft:bone":3,"minecraft:bow":2,"minecraft:wheat_seeds":12,"minecraft:raw_gold":8,"minecraft:iron_ingot":11,"arphex:burning_glands":64,"minecraft:stone_pickaxe":5,"biomesoplenty:magic_log":4,"minecraft:flowering_azalea":1,"minecraft:oak_planks":6,"biomesoplenty:magic_sapling":1,"minecraft:cooked_porkchop":30,"minecraft:sand":33,"minecraft:white_bed":2,"minecraft:fermented_spider_eye":1,"biomesoplenty:glowing_moss_block":1,"minecraft:spider_eye":2,"arphex:fly_appendage":2,"minecraft:diamond":12,"minecraft:stone_axe":8,"biomesoplenty:magic_planks":44,"minecraft:iron_helmet":5,"minecraft:gray_wool":2,"minecraft:oak_sapling":2,"minecraft:coal":197}},"DataVersion":3120}